,data,data_dados,confirmados,confirmados_arsnorte,confirmados_arscentro,confirmados_arslvt,confirmados_arsalentejo,confirmados_arsalgarve,confirmados_acores,confirmados_madeira,confirmados_novos,recuperados,obitos,internados,internados_uci,vigilancia,confirmados_0_9_f,confirmados_0_9_m,confirmados_10_19_f,confirmados_10_19_m,confirmados_20_29_f,confirmados_20_29_m,confirmados_30_39_f,confirmados_30_39_m,confirmados_40_49_f,confirmados_40_49_m,confirmados_50_59_f,confirmados_50_59_m,confirmados_60_69_f,confirmados_60_69_m,confirmados_70_79_f,confirmados_70_79_m,confirmados_80_plus_f,confirmados_80_plus_m,confirmados_f,confirmados_m,obitos_arsnorte,obitos_arscentro,obitos_arslvt,obitos_arsalentejo,obitos_arsalgarve,obitos_acores,obitos_madeira,obitos_0_9_f,obitos_0_9_m,obitos_10_19_f,obitos_10_19_m,obitos_20_29_f,obitos_20_29_m,obitos_30_39_f,obitos_30_39_m,obitos_40_49_f,obitos_40_49_m,obitos_50_59_f,obitos_50_59_m,obitos_60_69_f,obitos_60_69_m,obitos_70_79_f,obitos_70_79_m,obitos_80_plus_f,obitos_80_plus_m,obitos_f,obitos_m,ativos,internados_enfermaria,month,day,year,time
0,26-02-2020,2020-02-26 00:00:00,0,0,0,0,0,0,0,0,0,0,0,,,,,,,,,,,,,,,,,,,,,,,,0,0,0,0,0,0,0,,,,,,,,,,,,,,,,,,,,,,,2,26,2020,00:00:00
1,27-02-2020,2020-02-27 00:00:00,0,0,0,0,0,0,0,0,0,0,0,,,,,,,,,,,,,,,,,,,,,,,,0,0,0,0,0,0,0,,,,,,,,,,,,,,,,,,,,,,,2,27,2020,00:00:00
2,28-02-2020,2020-02-28 00:00:00,0,0,0,0,0,0,0,0,0,0,0,,,,,,,,,,,,,,,,,,,,,,,,0,0,0,0,0,0,0,,,,,,,,,,,,,,,,,,,,,,,2,28,2020,00:00:00
3,29-02-2020,2020-02-29 00:00:00,0,0,0,0,0,0,0,0,0,0,0,,,,,,,,,,,,,,,,,,,,,,,,0,0,0,0,0,0,0,,,,,,,,,,,,,,,,,,,,,,,2,29,2020,00:00:00
4,01-03-2020,2020-01-03 00:00:00,0,0,0,0,0,0,0,0,0,0,0,,,,,,,,,,,,,,,,,,,,,,,,0,0,0,0,0,0,0,,,,,,,,,,,,,,,,,,,,,,,1,3,2020,00:00:00
5,02-03-2020,2020-02-03 00:00:00,2,2,0,0,0,0,0,0,2,0,0,,,,,,,,,,,,,,,,,,,,,,,,0,0,0,0,0,0,0,,,,,,,,,,,,,,,,,,,,,,,2,3,2020,00:00:00
6,03-03-2020,2020-03-03 16:00:00,4,2,1,1,0,0,0,0,2,0,0,,,,0.0,0.0,0.0,0.0,0.0,0.0,0.0,2.0,0.0,1.0,0.0,0.0,0.0,1.0,0.0,0.0,0.0,0.0,,,0,0,0,0,0,0,0,,,,,,,,,,,,,,,,,,,,,4.0,0.0,3,3,2020,16:00:00
7,04-03-2020,2020-04-03 17:00:00,6,3,1,2,0,0,0,0,2,0,0,,,81.0,0.0,0.0,0.0,0.0,0.0,0.0,0.0,2.0,1.0,2.0,0.0,0.0,0.0,1.0,0.0,0.0,0.0,0.0,,,0,0,0,0,0,0,0,,,,,,,,,,,,,,,,,,,,,6.0,0.0,4,3,2020,17:00:00
8,05-03-2020,2020-05-03 17:00:00,9,5,1,3,0,0,0,0,3,0,0,9.0,,213.0,0.0,0.0,0.0,0.0,0.0,0.0,0.0,2.0,1.0,3.0,0.0,1.0,0.0,2.0,0.0,0.0,0.0,0.0,,,0,0,0,0,0,0,0,,,,,,,,,,,,,,,,,,,,,9.0,0.0,5,3,2020,17:00:00
9,06-03-2020,2020-06-03 17:00:00,13,8,1,4,0,0,0,0,4,0,0,13.0,,354.0,0.0,0.0,0.0,0.0,0.0,0.0,0.0,2.0,1.0,5.0,0.0,2.0,0.0,2.0,1.0,0.0,0.0,0.0,,,0,0,0,0,0,0,0,,,,,,,,,,,,,,,,,,,,,13.0,0.0,6,3,2020,17:00:00
10,07-03-2020,2020-07-03 17:00:00,21,15,1,5,0,0,0,0,8,0,0,21.0,,412.0,0.0,0.0,1.0,2.0,0.0,1.0,1.0,2.0,2.0,6.0,0.0,2.0,1.0,2.0,1.0,0.0,0.0,0.0,,,0,0,0,0,0,0,0,,,,,,,,,,,,,,,,,,,,,21.0,0.0,7,3,2020,17:00:00
11,08-03-2020,2020-08-03 17:30:00,30,22,1,6,0,1,0,0,9,0,0,30.0,,447.0,0.0,0.0,3.0,2.0,1.0,1.0,1.0,3.0,4.0,6.0,0.0,3.0,1.0,3.0,2.0,0.0,0.0,0.0,,,0,0,0,0,0,0,0,,,,,,,,,,,,,,,,,,,,,30.0,0.0,8,3,2020,17:30:00
12,09-03-2020,2020-09-03 18:45:00,39,27,1,9,0,2,0,0,9,0,0,38.0,,496.0,0.0,0.0,3.0,3.0,1.0,1.0,2.0,4.0,7.0,7.0,1.0,3.0,1.0,3.0,3.0,0.0,0.0,0.0,,,0,0,0,0,0,0,0,,,,,,,,,,,,,,,,,,,,,39.0,0.0,9,3,2020,18:45:00
13,10-03-2020,2020-10-03 10:00:00,41,27,2,10,0,2,0,0,2,0,0,40.0,,667.0,0.0,0.0,3.0,3.0,1.0,1.0,2.0,4.0,7.0,7.0,1.0,3.0,1.0,5.0,3.0,0.0,0.0,0.0,,,0,0,0,0,0,0,0,,,,,,,,,,,,,,,,,,,,,41.0,40.0,10,3,2020,10:00:00
14,11-03-2020,2020-11-03 00:00:00,59,36,3,17,0,3,0,0,18,0,0,57.0,,3066.0,0.0,1.0,6.0,5.0,1.0,3.0,5.0,4.0,9.0,7.0,1.0,4.0,1.0,5.0,3.0,2.0,0.0,2.0,,,0,0,0,0,0,0,0,,,,,,,,,,,,,,,,,,,,,59.0,57.0,11,3,2020,00:00:00
15,12-03-2020,2020-12-03 00:00:00,78,44,5,23,0,5,0,0,19,0,0,69.0,,4923.0,0.0,1.0,7.0,5.0,1.0,6.0,6.0,8.0,10.0,11.0,1.0,8.0,1.0,6.0,3.0,2.0,0.0,2.0,,,0,0,0,0,0,0,0,,,,,,,,,,,,,,,,,,,,,78.0,69.0,12,3,2020,00:00:00
16,13-03-2020,2020-03-13 00:00:00,112,53,6,46,0,6,0,0,34,0,0,107.0,,5674.0,0.0,1.0,10.0,5.0,3.0,8.0,9.0,15.0,14.0,14.0,2.0,12.0,3.0,8.0,3.0,3.0,0.0,2.0,,,0,0,0,0,0,0,0,,,,,,,,,,,,,,,,,,,,,112.0,107.0,3,13,2020,00:00:00
17,14-03-2020,2020-03-14 00:00:00,169,77,8,73,0,7,0,0,57,1,0,114.0,10.0,5011.0,0.0,1.0,13.0,6.0,7.0,12.0,17.0,20.0,19.0,22.0,5.0,21.0,3.0,9.0,4.0,7.0,1.0,2.0,,,0,0,0,0,0,0,0,,,,,,,,,,,,,,,,,,,,,168.0,104.0,3,14,2020,00:00:00
18,15-03-2020,2020-03-15 00:00:00,245,103,10,116,0,10,1,0,76,2,0,139.0,9.0,4592.0,0.0,1.0,17.0,8.0,12.0,16.0,25.0,30.0,27.0,26.0,16.0,27.0,6.0,12.0,5.0,12.0,3.0,2.0,,,0,0,0,0,0,0,0,,,,,,,,,,,,,,,,,,,,,243.0,130.0,3,15,2020,00:00:00
19,16-03-2020,2020-03-16 00:00:00,331,138,31,142,0,13,1,0,86,3,0,139.0,18.0,4592.0,2.0,1.0,17.0,10.0,17.0,21.0,30.0,35.0,32.0,36.0,21.0,31.0,11.0,26.0,10.0,18.0,8.0,4.0,,,0,0,0,0,0,0,0,,,,,,,,,,,,,,,,,,,,,327.0,121.0,3,16,2020,00:00:00
20,17-03-2020,2020-03-17 00:00:00,448,196,51,180,0,14,1,0,117,3,1,206.0,17.0,6852.0,2.0,1.0,19.0,13.0,21.0,34.0,37.0,51.0,47.0,46.0,32.0,41.0,18.0,34.0,13.0,22.0,12.0,5.0,,,0,0,1,0,0,0,0,,,,,,,,,,,,,,,,,,,,,444.0,189.0,3,17,2020,00:00:00
21,18-03-2020,2020-03-18 00:00:00,642,289,74,243,2,21,3,1,194,3,1,89.0,20.0,6656.0,13.0,3.0,21.0,15.0,42.0,45.0,55.0,62.0,75.0,63.0,50.0,42.0,49.0,28.0,32.0,17.0,11.0,19.0,,,0,0,1,0,0,0,0,,,,,,,,,,,,,,,,,,,,,637.0,69.0,3,18,2020,00:00:00
22,19-03-2020,2020-03-19 00:00:00,785,381,86,278,2,25,3,1,143,3,3,89.0,20.0,8091.0,14.0,3.0,22.0,17.0,51.0,51.0,75.0,71.0,89.0,78.0,60.0,61.0,35.0,61.0,23.0,36.0,21.0,17.0,390.0,395.0,0,1,2,0,0,0,0,,,,,,,,,,,,,,,,,,,,,779.0,69.0,3,19,2020,00:00:00
23,20-03-2020,2020-03-20 00:00:00,1020,506,106,361,2,29,3,1,235,5,6,126.0,26.0,9008.0,14.0,4.0,23.0,21.0,65.0,61.0,92.0,95.0,106.0,90.0,90.0,84.0,53.0,79.0,35.0,55.0,27.0,25.0,506.0,514.0,1,2,2,0,1,0,0,,,,,,,,,,,,,,,,,,,,,1009.0,100.0,3,20,2020,00:00:00
24,21-03-2020,2020-03-21 00:00:00,1280,644,137,448,3,31,3,5,260,5,12,156.0,35.0,13155.0,14.0,4.0,27.0,22.0,89.0,68.0,118.0,116.0,133.0,109.0,113.0,101.0,75.0,105.0,42.0,71.0,38.0,35.0,649.0,631.0,4,4,3,0,1,0,0,,,,,,,,,,,,,,,,,,,,,1268.0,121.0,3,21,2020,00:00:00
25,22-03-2020,2020-03-22 00:00:00,1600,825,180,534,5,35,4,7,320,5,14,169.0,41.0,12562.0,17.0,6.0,31.0,26.0,105.0,82.0,148.0,140.0,173.0,141.0,154.0,128.0,91.0,122.0,51.0,90.0,51.0,44.0,821.0,779.0,5,4,4,0,1,0,0,,,,,,,,,,,,,,,,,,,,,1591.0,128.0,3,22,2020,00:00:00
26,23-03-2020,2020-03-23 00:00:00,2060,1007,238,737,5,42,11,9,460,14,23,201.0,47.0,11842.0,18.0,7.0,36.0,30.0,140.0,100.0,181.0,166.0,226.0,178.0,194.0,167.0,127.0,167.0,73.0,107.0,85.0,58.0,1080.0,980.0,9,5,8,0,1,0,0,,,,,,,,,,,,,,,,,,,,,2023.0,154.0,3,23,2020,00:00:00
27,24-03-2020,2020-03-24 00:00:00,2362,1130,293,852,6,46,12,12,302,22,33,203.0,48.0,11842.0,18.0,7.0,35.0,30.0,145.0,133.0,206.0,188.0,224.0,224.0,215.0,208.0,190.0,158.0,106.0,107.0,95.0,73.0,1234.0,1128.0,14,6,12,0,1,0,0,0.0,0.0,0.0,0.0,0.0,0.0,0.0,0.0,0.0,0.0,1.0,2.0,0.0,4.0,0.0,5.0,9.0,12.0,10.0,23.0,2307.0,155.0,3,24,2020,00:00:00
28,25-03-2020,2020-03-25 00:00:00,2995,1517,365,992,12,62,17,16,633,22,43,276.0,61.0,13624.0,21.0,13.0,42.0,35.0,191.0,157.0,260.0,230.0,279.0,272.0,283.0,252.0,226.0,198.0,134.0,142.0,150.0,110.0,1586.0,1409.0,20,10,12,0,1,0,0,0.0,0.0,0.0,0.0,0.0,0.0,0.0,0.0,0.0,0.0,1.0,3.0,0.0,7.0,0.0,7.0,12.0,13.0,13.0,30.0,2930.0,215.0,3,25,2020,00:00:00
29,26-03-2020,2020-03-26 00:00:00,3544,1858,435,1082,20,89,24,15,549,43,60,191.0,61.0,14994.0,29.0,14.0,51.0,49.0,234.0,166.0,310.0,268.0,367.0,304.0,360.0,277.0,229.0,255.0,133.0,184.0,186.0,128.0,1899.0,1645.0,28,13,18,0,1,0,0,0.0,0.0,0.0,0.0,0.0,0.0,0.0,0.0,0.0,0.0,1.0,3.0,0.0,8.0,1.0,14.0,17.0,16.0,19.0,41.0,3441.0,130.0,3,26,2020,00:00:00
30,27-03-2020,2020-03-27 00:00:00,4268,2443,520,1110,30,99,24,21,724,43,76,354.0,71.0,19816.0,30.0,19.0,54.0,50.0,254.0,179.0,364.0,307.0,462.0,359.0,429.0,346.0,294.0,319.0,179.0,236.0,222.0,161.0,2288.0,1976.0,33,18,24,0,1,0,0,0.0,0.0,0.0,0.0,0.0,0.0,0.0,0.0,1.0,0.0,1.0,3.0,1.0,9.0,4.0,14.0,20.0,23.0,27.0,49.0,4149.0,283.0,3,27,2020,00:00:00
31,28-03-2020,2020-03-28 00:00:00,5170,3035,647,1287,34,106,30,31,902,43,100,418.0,89.0,19927.0,34.0,22.0,67.0,56.0,302.0,216.0,439.0,362.0,568.0,434.0,533.0,398.0,359.0,377.0,224.0,286.0,285.0,208.0,2811.0,2359.0,44,28,27,0,1,0,0,0.0,0.0,0.0,0.0,0.0,0.0,0.0,0.0,2.0,0.0,1.0,4.0,1.0,13.0,4.0,17.0,27.0,31.0,35.0,65.0,5027.0,329.0,3,28,2020,00:00:00
32,29-03-2020,2020-03-29 00:00:00,5962,3550,709,1478,41,108,33,43,792,43,119,486.0,138.0,17785.0,40.0,24.0,75.0,63.0,347.0,241.0,495.0,407.0,664.0,482.0,615.0,469.0,412.0,438.0,275.0,336.0,334.0,245.0,3257.0,2705.0,61,28,28,0,2,0,0,0.0,0.0,0.0,0.0,0.0,0.0,0.0,0.0,2.0,0.0,1.0,4.0,1.0,14.0,7.0,20.0,32.0,38.0,43.0,76.0,5800.0,348.0,3,29,2020,00:00:00
33,30-03-2020,2020-03-30 00:00:00,6408,3801,784,1577,45,116,41,44,446,43,140,571.0,164.0,11482.0,41.0,30.0,83.0,66.0,373.0,264.0,529.0,436.0,700.0,510.0,647.0,503.0,443.0,458.0,308.0,360.0,388.0,269.0,3512.0,2896.0,74,34,30,0,2,0,0,0.0,0.0,0.0,0.0,0.0,0.0,0.0,0.0,2.0,0.0,1.0,5.0,1.0,15.0,8.0,23.0,40.0,45.0,52.0,88.0,6225.0,407.0,3,30,2020,00:00:00
34,31-03-2020,2020-03-31 00:00:00,7443,4452,911,1799,50,137,48,46,1035,43,160,627.0,188.0,19260.0,50.0,44.0,104.0,80.0,437.0,318.0,610.0,505.0,798.0,585.0,773.0,573.0,513.0,515.0,342.0,416.0,462.0,318.0,4089.0,3354.0,83,40,35,0,2,0,0,0.0,0.0,0.0,0.0,0.0,0.0,0.0,0.0,2.0,0.0,1.0,5.0,1.0,16.0,13.0,25.0,47.0,50.0,64.0,96.0,7240.0,439.0,3,31,2020,00:00:00
35,01-04-2020,2020-01-04 00:00:00,8251,4910,1043,1998,54,146,52,48,808,43,187,726.0,230.0,20275.0,55.0,49.0,116.0,89.0,470.0,355.0,677.0,543.0,879.0,641.0,840.0,636.0,569.0,564.0,378.0,455.0,554.0,381.0,4538.0,3713.0,95,52,38,0,2,0,0,0.0,0.0,0.0,0.0,0.0,0.0,0.0,0.0,2.0,0.0,1.0,6.0,1.0,16.0,14.0,27.0,58.0,62.0,76.0,111.0,8021.0,496.0,1,4,2020,00:00:00
36,02-04-2020,2020-02-04 00:00:00,9034,5338,1161,2207,59,164,57,48,783,68,209,1042.0,240.0,21798.0,63.0,52.0,122.0,97.0,506.0,390.0,735.0,593.0,970.0,681.0,929.0,701.0,622.0,605.0,402.0,490.0,641.0,435.0,4990.0,4044.0,107,55,44,0,3,0,0,0.0,0.0,0.0,0.0,0.0,0.0,0.0,0.0,2.0,0.0,2.0,6.0,2.0,16.0,15.0,30.0,63.0,73.0,84.0,125.0,8757.0,802.0,2,4,2020,00:00:00
37,03-04-2020,2020-03-04 00:00:00,9886,5899,1286,2347,62,179,63,50,852,68,246,1058.0,245.0,22556.0,65.0,68.0,132.0,104.0,580.0,425.0,825.0,648.0,1093.0,734.0,1025.0,761.0,679.0,646.0,420.0,525.0,690.0,466.0,5509.0,4377.0,130,61,51,1,3,0,0,0.0,0.0,0.0,0.0,0.0,0.0,0.0,0.0,2.0,0.0,2.0,7.0,3.0,18.0,23.0,35.0,73.0,83.0,103.0,143.0,9572.0,813.0,3,4,2020,00:00:00
38,04-04-2020,2020-04-04 00:00:00,10524,6280,1372,2513,63,182,63,51,638,75,266,1075.0,251.0,22858.0,74.0,76.0,137.0,115.0,632.0,450.0,877.0,690.0,1157.0,771.0,1095.0,813.0,723.0,673.0,450.0,549.0,747.0,495.0,5892.0,4632.0,141,66,54,0,5,0,0,0.0,0.0,0.0,0.0,0.0,0.0,0.0,0.0,3.0,1.0,2.0,6.0,4.0,20.0,22.0,38.0,86.0,84.0,117.0,149.0,10183.0,824.0,4,4,2020,00:00:00
39,05-04-2020,2020-05-04 00:00:00,11278,6530,1442,2904,82,201,67,52,754,75,295,1084.0,267.0,23209.0,81.0,81.0,153.0,123.0,692.0,487.0,933.0,738.0,1232.0,826.0,1170.0,863.0,777.0,714.0,479.0,580.0,817.0,532.0,6334.0,4944.0,158,72,58,0,7,0,0,0.0,0.0,0.0,0.0,0.0,0.0,0.0,0.0,3.0,1.0,2.0,6.0,6.0,21.0,24.0,42.0,92.0,98.0,127.0,168.0,10908.0,817.0,5,4,2020,00:00:00
40,06-04-2020,2020-06-04 00:00:00,11730,6706,1521,3070,84,229,68,52,452,140,311,1099.0,270.0,23470.0,87.0,87.0,155.0,130.0,708.0,507.0,963.0,768.0,1269.0,860.0,1217.0,883.0,802.0,733.0,503.0,599.0,897.0,562.0,6601.0,5129.0,168,76,60,0,7,0,0,0.0,0.0,0.0,0.0,0.0,0.0,0.0,0.0,3.0,1.0,2.0,6.0,7.0,22.0,26.0,45.0,99.0,100.0,137.0,174.0,11279.0,829.0,6,4,2020,00:00:00
41,07-04-2020,2020-07-04 00:00:00,12442,7052,1766,3185,85,234,68,52,712,184,345,1180.0,271.0,25070.0,87.0,92.0,166.0,140.0,756.0,538.0,1021.0,797.0,1338.0,901.0,1296.0,920.0,845.0,769.0,530.0,629.0,1012.0,605.0,7051.0,5391.0,186,88,64,0,7,0,0,0.0,0.0,0.0,0.0,0.0,0.0,0.0,0.0,3.0,1.0,2.0,7.0,10.0,25.0,28.0,50.0,114.0,105.0,157.0,188.0,11913.0,909.0,7,4,2020,00:00:00
42,08-04-2020,2020-08-04 00:00:00,13141,7386,1865,3424,93,251,70,52,699,196,380,1211.0,245.0,24481.0,95.0,97.0,175.0,148.0,796.0,567.0,1093.0,831.0,1423.0,957.0,1386.0,966.0,896.0,814.0,568.0,658.0,1052.0,619.0,7484.0,5657.0,208,96,68,0,8,0,0,0.0,0.0,0.0,0.0,0.0,0.0,0.0,0.0,3.0,1.0,2.0,8.0,12.0,26.0,34.0,53.0,125.0,116.0,176.0,204.0,12565.0,966.0,8,4,2020,00:00:00
43,09-04-2020,2020-09-04 00:00:00,13956,8102,1905,3451,94,260,91,53,815,205,409,1173.0,241.0,24708.0,101.0,105.0,190.0,161.0,846.0,598.0,1141.0,872.0,1483.0,1000.0,1452.0,1005.0,938.0,842.0,608.0,676.0,1235.0,703.0,7994.0,5962.0,224,104,72,0,8,1,0,0.0,0.0,0.0,0.0,0.0,0.0,0.0,0.0,3.0,1.0,2.0,8.0,12.0,30.0,34.0,54.0,139.0,126.0,190.0,219.0,13342.0,932.0,9,4,2020,00:00:00
44,10-04-2020,2020-10-04 00:00:00,15472,8897,2197,3821,125,279,94,59,1516,233,435,1179.0,226.0,25914.0,119.0,126.0,214.0,186.0,959.0,649.0,1261.0,954.0,1641.0,1094.0,1619.0,1093.0,1035.0,924.0,682.0,724.0,1415.0,777.0,8945.0,6527.0,240,107,78,0,8,2,0,0.0,0.0,0.0,0.0,0.0,0.0,0.0,0.0,3.0,1.0,2.0,10.0,12.0,31.0,35.0,57.0,151.0,133.0,203.0,232.0,14804.0,953.0,10,4,2020,00:00:00
45,11-04-2020,2020-11-04 00:00:00,15987,9264,2327,3834,130,279,94,59,515,266,470,1175.0,233.0,25432.0,132.0,133.0,224.0,191.0,982.0,657.0,1290.0,966.0,1701.0,1116.0,1665.0,1127.0,1065.0,945.0,714.0,746.0,1517.0,816.0,9290.0,6697.0,258,113,87,0,9,3,0,0.0,0.0,0.0,0.0,0.0,0.0,0.0,0.0,3.0,1.0,3.0,13.0,13.0,35.0,38.0,62.0,161.0,141.0,218.0,252.0,15251.0,942.0,11,4,2020,00:00:00
46,12-04-2020,2020-12-04 00:00:00,16585,9747,2426,3841,139,279,94,59,598,277,504,1177.0,228.0,25041.0,147.0,136.0,229.0,201.0,1030.0,681.0,1329.0,995.0,1752.0,1143.0,1728.0,1163.0,1101.0,972.0,750.0,767.0,1616.0,845.0,9682.0,6903.0,280,120,91,0,9,4,0,0.0,0.0,0.0,0.0,0.0,0.0,0.0,0.0,4.0,1.0,3.0,13.0,13.0,35.0,40.0,68.0,180.0,147.0,240.0,264.0,15804.0,949.0,12,4,2020,00:00:00
47,13-04-2020,2020-04-13 00:00:00,16934,9984,2477,3896,140,284,94,59,349,277,535,1187.0,188.0,26989.0,147.0,137.0,229.0,206.0,1059.0,704.0,1362.0,1010.0,1773.0,1159.0,1762.0,1180.0,1120.0,986.0,781.0,784.0,1676.0,859.0,9909.0,7025.0,303,123,96,0,9,4,0,0.0,0.0,0.0,0.0,0.0,0.0,0.0,0.0,5.0,1.0,4.0,13.0,16.0,37.0,43.0,68.0,194.0,154.0,262.0,273.0,16122.0,999.0,4,13,2020,00:00:00
48,14-04-2020,2020-04-14 00:00:00,17448,10302,2549,3994,155,289,100,59,514,347,567,1227.0,218.0,23265.0,147.0,143.0,241.0,210.0,1094.0,726.0,1397.0,1025.0,1829.0,1176.0,1817.0,1211.0,1173.0,995.0,824.0,802.0,1754.0,884.0,10276.0,7172.0,321,131,102,0,9,4,0,0.0,0.0,0.0,0.0,0.0,0.0,0.0,0.0,5.0,2.0,5.0,13.0,17.0,39.0,45.0,71.0,208.0,162.0,280.0,287.0,16534.0,1009.0,4,14,2020,00:00:00
49,15-04-2020,2020-04-15 00:00:00,18091,10751,2629,4102,155,295,100,59,643,383,599,1200.0,208.0,26144.0,153.0,151.0,250.0,220.0,1144.0,754.0,1457.0,1049.0,1903.0,1221.0,1890.0,1243.0,1212.0,1030.0,840.0,833.0,1821.0,920.0,10670.0,7421.0,339,136,111,0,9,4,0,0.0,0.0,0.0,0.0,0.0,0.0,0.0,0.0,5.0,2.0,5.0,13.0,19.0,39.0,49.0,76.0,218.0,173.0,296.0,303.0,17109.0,992.0,4,15,2020,00:00:00
50,16-04-2020,2020-04-16 00:00:00,18841,11237,2756,4237,156,300,102,53,750,493,629,1302.0,229.0,26065.0,164.0,157.0,259.0,226.0,1205.0,789.0,1530.0,1094.0,1982.0,1285.0,1977.0,1302.0,1251.0,1068.0,867.0,848.0,1887.0,950.0,11122.0,7719.0,355,146,115,0,9,4,0,0.0,0.0,0.0,0.0,0.0,0.0,0.0,0.0,5.0,3.0,5.0,13.0,19.0,40.0,52.0,79.0,230.0,183.0,311.0,318.0,17719.0,1073.0,4,16,2020,00:00:00
51,17-04-2020,2020-04-17 00:00:00,19022,11324,2778,4302,158,305,102,53,181,519,657,1284.0,222.0,25456.0,165.0,157.0,261.0,226.0,1217.0,796.0,1543.0,1106.0,1997.0,1299.0,1996.0,1310.0,1264.0,1077.0,880.0,851.0,1917.0,960.0,11240.0,7782.0,377,148,119,0,9,4,0,0.0,0.0,0.0,0.0,0.0,0.0,0.0,0.0,5.0,3.0,5.0,13.0,19.0,42.0,54.0,83.0,240.0,193.0,323.0,334.0,17846.0,1062.0,4,17,2020,00:00:00
52,18-04-2020,2020-04-18 00:00:00,19685,11762,2863,4438,158,306,104,54,663,610,687,1253.0,228.0,25456.0,171.0,157.0,277.0,231.0,1269.0,828.0,1601.0,1150.0,2056.0,1332.0,2073.0,1349.0,1300.0,1107.0,909.0,876.0,1999.0,1000.0,11655.0,8030.0,393,157,124,0,9,4,0,0.0,0.0,0.0,0.0,0.0,0.0,0.0,0.0,5.0,3.0,5.0,14.0,21.0,43.0,58.0,87.0,250.0,201.0,339.0,348.0,18388.0,1025.0,4,18,2020,00:00:00
53,19-04-2020,2020-04-19 00:00:00,20206,12148,2923,4500,158,310,106,61,521,610,714,1243.0,224.0,27947.0,181.0,164.0,290.0,246.0,1293.0,856.0,1650.0,1181.0,2112.0,1361.0,2133.0,1377.0,1321.0,1123.0,935.0,891.0,2062.0,1030.0,11977.0,8229.0,409,164,126,0,10,5,0,0.0,0.0,0.0,0.0,0.0,0.0,0.0,0.0,5.0,3.0,5.0,15.0,22.0,43.0,63.0,88.0,261.0,209.0,356.0,358.0,18882.0,1019.0,4,19,2020,00:00:00
54,20-04-2020,2020-04-20 00:00:00,20863,12543,2952,4709,161,311,107,80,657,610,735,1208.0,215.0,30805.0,189.0,170.0,319.0,262.0,1367.0,933.0,1694.0,1237.0,2181.0,1417.0,2191.0,1391.0,1332.0,1171.0,972.0,905.0,2091.0,1041.0,12336.0,8527.0,424,164,130,0,11,6,0,0.0,0.0,0.0,0.0,0.0,0.0,0.0,0.0,5.0,3.0,5.0,15.0,22.0,43.0,66.0,89.0,269.0,218.0,367.0,368.0,19518.0,993.0,4,20,2020,00:00:00
55,21-04-2020,2020-04-21 00:00:00,21379,12806,2999,4896,173,313,107,85,516,917,762,1172.0,213.0,30646.0,189.0,170.0,321.0,266.0,1390.0,988.0,1713.0,1271.0,2202.0,1418.0,2231.0,1439.0,1384.0,1173.0,978.0,927.0,2222.0,1097.0,12630.0,8749.0,441,171,133,0,11,6,0,0.0,0.0,0.0,0.0,0.0,0.0,0.0,0.0,5.0,4.0,5.0,15.0,22.0,45.0,68.0,91.0,282.0,225.0,382.0,380.0,19700.0,959.0,4,21,2020,00:00:00
56,22-04-2020,2020-04-22 00:00:00,21982,13150,3053,5093,176,316,109,85,603,1143,785,1146.0,207.0,30646.0,189.0,171.0,353.0,295.0,1437.0,1022.0,1777.0,1296.0,2302.0,1439.0,2303.0,1466.0,1401.0,1220.0,1025.0,936.0,2242.0,1108.0,13029.0,8953.0,454,175,138,1,11,6,0,0.0,0.0,0.0,0.0,0.0,0.0,0.0,0.0,5.0,4.0,5.0,15.0,22.0,45.0,68.0,93.0,295.0,233.0,395.0,390.0,20054.0,939.0,4,22,2020,00:00:00
57,23-04-2020,2020-04-23 00:00:00,22353,13382,3084,5194,181,318,109,85,371,1201,820,1095.0,204.0,30342.0,189.0,171.0,362.0,297.0,1473.0,1058.0,1809.0,1321.0,2317.0,1468.0,2328.0,1490.0,1421.0,1236.0,1036.0,963.0,2279.0,1135.0,13214.0,9139.0,475,179,146,1,11,8,0,0.0,0.0,0.0,0.0,0.0,0.0,0.0,0.0,5.0,4.0,5.0,16.0,23.0,48.0,70.0,98.0,311.0,240.0,414.0,406.0,20332.0,891.0,4,23,2020,00:00:00
58,24-04-2020,2020-04-24 00:00:00,22797,13707,3116,5277,183,320,109,85,444,1228,854,1068.0,188.0,29621.0,189.0,171.0,372.0,299.0,1511.0,1097.0,1842.0,1347.0,2332.0,1498.0,2363.0,1517.0,1450.0,1273.0,1057.0,990.0,2322.0,1167.0,13438.0,9359.0,491,183,160,1,11,8,0,0.0,0.0,0.0,0.0,0.0,0.0,0.0,0.0,5.0,4.0,5.0,17.0,24.0,51.0,71.0,103.0,323.0,251.0,428.0,426.0,20715.0,880.0,4,24,2020,00:00:00
59,25-04-2020,2020-04-25 00:00:00,23271,13951,3183,5435,185,320,111,86,474,1277,880,1040.0,186.0,29932.0,191.0,177.0,382.0,301.0,1535.0,1109.0,1880.0,1387.0,2391.0,1536.0,2418.0,1540.0,1481.0,1288.0,1073.0,1000.0,2389.0,1193.0,13740.0,9531.0,502,188,170,1,11,8,0,0.0,0.0,0.0,0.0,0.0,0.0,0.0,0.0,5.0,5.0,6.0,18.0,25.0,52.0,71.0,107.0,332.0,259.0,439.0,441.0,21114.0,854.0,4,25,2020,00:00:00
60,26-04-2020,2020-04-26 00:00:00,23683,14205,3232,5531,187,322,120,86,412,1329,903,1005.0,182.0,30453.0,195.0,183.0,391.0,309.0,1567.0,1126.0,1915.0,1399.0,2436.0,1551.0,2450.0,1555.0,1498.0,1300.0,1100.0,1014.0,2475.0,1219.0,14027.0,9656.0,519,188,175,1,12,8,0,0.0,0.0,0.0,0.0,0.0,0.0,0.0,0.0,5.0,5.0,6.0,18.0,26.0,52.0,73.0,109.0,345.0,264.0,455.0,448.0,21451.0,823.0,4,26,2020,00:00:00
61,27-04-2020,2020-04-27 00:00:00,23846,14315,3252,5556,189,328,120,86,163,1357,928,995.0,176.0,30703.0,196.0,184.0,395.0,313.0,1574.0,1132.0,1924.0,1405.0,2451.0,1561.0,2460.0,1571.0,1514.0,1305.0,1109.0,1018.0,2504.0,1230.0,14127.0,9719.0,536,191,179,1,12,9,0,0.0,0.0,0.0,0.0,0.0,0.0,0.0,0.0,5.0,5.0,6.0,20.0,28.0,52.0,73.0,111.0,356.0,272.0,468.0,460.0,21561.0,819.0,4,27,2020,00:00:00
62,28-04-2020,2020-04-28 00:00:00,24141,14521,3289,5593,201,330,121,86,295,1389,948,936.0,172.0,29559.0,205.0,189.0,399.0,314.0,1594.0,1149.0,1938.0,1419.0,2481.0,1586.0,2481.0,1581.0,1540.0,1316.0,1129.0,1032.0,2531.0,1257.0,14298.0,9843.0,546,194,185,1,12,10,0,0.0,0.0,0.0,0.0,0.0,0.0,0.0,0.0,5.0,5.0,7.0,20.0,30.0,53.0,75.0,112.0,362.0,279.0,479.0,469.0,21804.0,764.0,4,28,2020,00:00:00
63,29-04-2020,2020-04-29 00:00:00,24324,14534,3340,5695,214,330,125,86,183,1470,973,980.0,169.0,29568.0,207.0,189.0,403.0,316.0,1604.0,1153.0,1950.0,1437.0,2499.0,1596.0,2499.0,1599.0,1552.0,1322.0,1139.0,1037.0,2555.0,1267.0,14408.0,9916.0,556,196,195,1,13,12,0,0.0,0.0,0.0,0.0,0.0,0.0,0.0,0.0,5.0,5.0,7.0,21.0,31.0,55.0,78.0,113.0,375.0,283.0,496.0,477.0,21881.0,811.0,4,29,2020,00:00:00
64,30-04-2020,2020-04-30 00:00:00,24692,14726,3389,5815,218,331,127,86,368,1519,989,968.0,172.0,29467.0,208.0,189.0,410.0,328.0,1639.0,1194.0,1982.0,1466.0,2527.0,1616.0,2558.0,1620.0,1553.0,1322.0,1143.0,1047.0,2618.0,1272.0,14638.0,10054.0,566,198,199,1,13,12,0,0.0,0.0,0.0,0.0,0.0,0.0,0.0,0.0,5.0,5.0,8.0,21.0,31.0,56.0,81.0,114.0,380.0,288.0,505.0,484.0,22184.0,796.0,4,30,2020,00:00:00
65,01-05-2020,2020-01-05 00:00:00,24987,14867,3419,5939,218,331,127,86,295,1647,1007,892.0,154.0,29756.0,208.0,193.0,417.0,334.0,1656.0,1221.0,2016.0,1485.0,2549.0,1647.0,2593.0,1638.0,1560.0,1334.0,1149.0,1051.0,2656.0,1280.0,14804.0,10183.0,578,201,202,1,13,12,0,0.0,0.0,0.0,0.0,0.0,0.0,0.0,0.0,5.0,5.0,9.0,22.0,32.0,56.0,81.0,116.0,387.0,294.0,514.0,493.0,22333.0,738.0,1,5,2020,00:00:00
66,02-05-2020,2020-02-05 00:00:00,25190,14951,3426,6047,218,331,131,86,203,1671,1023,855.0,150.0,27895.0,212.0,199.0,418.0,337.0,1675.0,1245.0,2040.0,1497.0,2568.0,1654.0,2599.0,1670.0,1567.0,1342.0,1155.0,1052.0,2677.0,1283.0,14911.0,10279.0,585,206,205,1,13,13,0,0.0,0.0,0.0,0.0,0.0,0.0,0.0,0.0,5.0,5.0,9.0,23.0,32.0,57.0,82.0,119.0,392.0,299.0,520.0,503.0,22496.0,705.0,2,5,2020,00:00:00
67,03-05-2020,2020-03-05 00:00:00,25282,15021,3447,6047,218,331,132,86,92,1689,1043,856.0,144.0,25324.0,212.0,199.0,418.0,337.0,1677.0,1245.0,2041.0,1497.0,2569.0,1654.0,2602.0,1670.0,1567.0,1342.0,1155.0,1052.0,2678.0,1286.0,14919.0,10282.0,597,209,210,1,13,13,0,0.0,0.0,0.0,0.0,0.0,0.0,0.0,0.0,5.0,5.0,9.0,23.0,33.0,58.0,84.0,123.0,396.0,307.0,527.0,516.0,22550.0,712.0,3,5,2020,00:00:00
68,04-05-2020,2020-04-05 00:00:00,25524,15141,3478,6136,218,333,132,86,242,1712,1063,813.0,143.0,25081.0,217.0,208.0,422.0,348.0,1702.0,1271.0,2067.0,1533.0,2594.0,1667.0,2642.0,1690.0,1581.0,1349.0,1172.0,1061.0,2698.0,1302.0,15095.0,10429.0,609,209,218,1,13,13,0,0.0,0.0,0.0,0.0,0.0,0.0,0.0,0.0,5.0,5.0,9.0,23.0,33.0,59.0,89.0,126.0,402.0,312.0,538.0,525.0,22749.0,670.0,4,5,2020,00:00:00
69,05-05-2020,2020-05-05 00:00:00,25702,15199,3489,6241,220,335,132,86,178,1743,1074,818.0,134.0,25066.0,221.0,215.0,423.0,351.0,1706.0,1288.0,2077.0,1538.0,2608.0,1668.0,2650.0,1693.0,1598.0,1357.0,1196.0,1068.0,2729.0,1316.0,15208.0,10494.0,613,211,223,1,13,13,0,0.0,0.0,0.0,0.0,0.0,1.0,0.0,0.0,5.0,5.0,9.0,24.0,34.0,59.0,89.0,127.0,408.0,313.0,545.0,529.0,22885.0,684.0,5,5,2020,00:00:00
70,06-05-2020,2020-06-05 00:00:00,26182,15256,3505,6641,220,342,132,86,480,2076,1089,838.0,136.0,24579.0,223.0,216.0,423.0,359.0,1756.0,1338.0,2128.0,1583.0,2668.0,1720.0,2701.0,1730.0,1616.0,1372.0,1202.0,1073.0,2754.0,1320.0,15471.0,10711.0,623,213,226,1,13,13,0,0.0,0.0,0.0,0.0,0.0,1.0,0.0,0.0,5.0,5.0,9.0,24.0,34.0,61.0,90.0,128.0,417.0,315.0,555.0,534.0,23017.0,702.0,6,5,2020,00:00:00
71,07-05-2020,2020-07-05 00:00:00,26715,15450,3545,6935,220,343,132,90,533,2258,1105,874.0,135.0,27318.0,231.0,223.0,431.0,373.0,1796.0,1397.0,2191.0,1626.0,2736.0,1757.0,2746.0,1769.0,1638.0,1396.0,1210.0,1079.0,2789.0,1327.0,15768.0,10947.0,634,213,230,1,13,14,0,0.0,0.0,0.0,0.0,0.0,1.0,0.0,0.0,5.0,5.0,9.0,24.0,34.0,61.0,91.0,132.0,423.0,320.0,562.0,543.0,23352.0,739.0,7,5,2020,00:00:00
72,08-05-2020,2020-08-05 00:00:00,27268,15809,3564,7093,232,345,135,90,553,2422,1114,842.0,127.0,26829.0,235.0,229.0,438.0,381.0,1831.0,1439.0,2264.0,1668.0,2791.0,1807.0,2804.0,1801.0,1668.0,1429.0,1228.0,1090.0,2828.0,1337.0,16087.0,11181.0,639,214,233,1,13,14,0,0.0,0.0,0.0,0.0,0.0,1.0,0.0,0.0,5.0,5.0,9.0,24.0,34.0,61.0,93.0,133.0,428.0,321.0,569.0,545.0,23732.0,715.0,8,5,2020,00:00:00
73,09-05-2020,2020-09-05 00:00:00,27406,15854,3581,7166,235,345,135,90,138,2499,1126,815.0,120.0,26667.0,235.0,230.0,445.0,386.0,1839.0,1443.0,2273.0,1679.0,2798.0,1816.0,2815.0,1806.0,1683.0,1434.0,1244.0,1095.0,2843.0,1342.0,16175.0,11231.0,645,215,238,1,13,14,0,0.0,0.0,0.0,0.0,0.0,1.0,0.0,0.0,6.0,5.0,9.0,27.0,34.0,63.0,93.0,133.0,432.0,323.0,574.0,552.0,23781.0,695.0,9,5,2020,00:00:00
74,10-05-2020,2020-10-05 00:00:00,27581,15952,3581,7242,235,346,135,90,175,2549,1135,797.0,112.0,26344.0,235.0,233.0,452.0,390.0,1848.0,1467.0,2288.0,1695.0,2809.0,1831.0,2830.0,1827.0,1687.0,1447.0,1251.0,1102.0,2845.0,1344.0,16245.0,11336.0,648,216,243,1,13,14,0,0.0,0.0,0.0,0.0,0.0,1.0,0.0,0.0,6.0,5.0,9.0,27.0,34.0,63.0,94.0,133.0,439.0,324.0,582.0,553.0,23897.0,685.0,10,5,2020,00:00:00
75,11-05-2020,2020-11-05 00:00:00,27679,16008,3545,7316,237,348,135,90,98,2549,1144,805.0,112.0,28307.0,236.0,237.0,455.0,394.0,1860.0,1474.0,2289.0,1700.0,2810.0,1839.0,2838.0,1835.0,1694.0,1448.0,1253.0,1105.0,2863.0,1349.0,16298.0,11381.0,651,216,248,1,14,14,0,0.0,0.0,0.0,0.0,0.0,1.0,0.0,0.0,6.0,5.0,9.0,27.0,35.0,64.0,94.0,134.0,443.0,326.0,587.0,557.0,23986.0,693.0,11,5,2020,00:00:00
76,12-05-2020,2020-12-05 00:00:00,27913,16053,3553,7494,238,350,135,90,234,3013,1163,709.0,113.0,27054.0,236.0,242.0,463.0,401.0,1883.0,1489.0,2310.0,1717.0,2828.0,1865.0,2853.0,1857.0,1704.0,1455.0,1258.0,1107.0,2881.0,1364.0,16416.0,11497.0,660,219,254,1,14,15,0,0.0,0.0,0.0,0.0,0.0,1.0,0.0,0.0,6.0,6.0,10.0,28.0,35.0,66.0,95.0,136.0,448.0,332.0,594.0,569.0,23737.0,596.0,12,5,2020,00:00:00
77,13-05-2020,2020-05-13 00:00:00,28132,16112,3559,7647,238,351,135,90,219,3182,1175,692.0,103.0,26278.0,239.0,245.0,466.0,406.0,1910.0,1501.0,2331.0,1741.0,2841.0,1887.0,2870.0,1876.0,1704.0,1463.0,1271.0,1111.0,2892.0,1378.0,16524.0,11608.0,667,221,257,1,14,15,0,0.0,0.0,0.0,0.0,0.0,1.0,0.0,0.0,6.0,6.0,10.0,28.0,37.0,67.0,96.0,136.0,453.0,335.0,602.0,573.0,23775.0,589.0,5,13,2020,00:00:00
78,14-05-2020,2020-05-14 00:00:00,28319,16166,3569,7767,238,354,135,90,187,3198,1184,680.0,108.0,26082.0,245.0,246.0,469.0,411.0,1931.0,1519.0,2348.0,1753.0,2853.0,1905.0,2897.0,1895.0,1706.0,1469.0,1272.0,1116.0,2901.0,1383.0,16622.0,11697.0,674,221,259,1,14,15,0,0.0,0.0,0.0,0.0,0.0,1.0,0.0,0.0,6.0,7.0,11.0,28.0,37.0,67.0,99.0,136.0,455.0,337.0,608.0,576.0,23937.0,572.0,5,14,2020,00:00:00
79,15-05-2020,2020-05-15 00:00:00,28583,16214,3598,7951,240,355,135,90,264,3328,1190,673.0,112.0,25792.0,248.0,251.0,475.0,418.0,1962.0,1547.0,2376.0,1781.0,2870.0,1926.0,2910.0,1914.0,1714.0,1481.0,1277.0,1125.0,2914.0,1394.0,16746.0,11837.0,677,221,262,1,14,15,0,0.0,0.0,0.0,0.0,0.0,1.0,0.0,0.0,6.0,7.0,12.0,28.0,38.0,67.0,99.0,136.0,459.0,337.0,614.0,576.0,24065.0,561.0,5,15,2020,00:00:00
80,16-05-2020,2020-05-16 00:00:00,28810,16282,3609,8097,241,356,135,90,227,3822,1203,657.0,115.0,25419.0,253.0,259.0,484.0,421.0,1986.0,1565.0,2393.0,1796.0,2887.0,1941.0,2932.0,1931.0,1726.0,1494.0,1281.0,1127.0,2928.0,1406.0,16870.0,11940.0,684,221,267,1,15,15,0,0.0,0.0,0.0,0.0,0.0,1.0,0.0,0.0,6.0,7.0,12.0,28.0,38.0,69.0,99.0,136.0,463.0,344.0,618.0,585.0,23785.0,542.0,5,16,2020,00:00:00
81,17-05-2020,2020-05-17 00:00:00,29036,16352,3626,8235,242,356,135,90,226,4636,1218,649.0,108.0,25640.0,255.0,263.0,490.0,426.0,2009.0,1582.0,2416.0,1808.0,2917.0,1959.0,2965.0,1948.0,1734.0,1500.0,1285.0,1132.0,2940.0,1407.0,17011.0,12025.0,693,221,273,1,15,15,0,0.0,0.0,0.0,0.0,0.0,1.0,0.0,0.0,6.0,7.0,12.0,28.0,38.0,72.0,100.0,139.0,468.0,347.0,624.0,594.0,23182.0,541.0,5,17,2020,00:00:00
82,18-05-2020,2020-05-18 00:00:00,29209,16396,3628,8361,243,356,135,90,173,6430,1231,628.0,105.0,25360.0,259.0,269.0,493.0,429.0,2027.0,1600.0,2431.0,1832.0,2930.0,1977.0,2985.0,1957.0,1741.0,1509.0,1287.0,1132.0,2942.0,1409.0,17095.0,12114.0,698,223,279,1,15,15,0,0.0,0.0,0.0,0.0,0.0,1.0,0.0,0.0,6.0,7.0,12.0,28.0,38.0,73.0,102.0,140.0,475.0,349.0,633.0,598.0,21548.0,523.0,5,18,2020,00:00:00
83,19-05-2020,2020-05-19 00:00:00,29432,16472,3644,8490,245,356,135,90,223,6431,1247,629.0,101.0,25487.0,260.0,271.0,497.0,432.0,2044.0,1622.0,2460.0,1853.0,2962.0,1998.0,3001.0,1962.0,1756.0,1515.0,1292.0,1138.0,2956.0,1413.0,17228.0,12204.0,707,227,282,1,15,15,0,0.0,0.0,0.0,0.0,0.0,1.0,0.0,0.0,6.0,7.0,12.0,28.0,38.0,74.0,102.0,141.0,482.0,356.0,640.0,607.0,21754.0,528.0,5,19,2020,00:00:00
84,20-05-2020,2020-05-20 00:00:00,29660,16488,3655,8688,248,356,135,90,228,6452,1263,609.0,93.0,25281.0,265.0,272.0,507.0,436.0,2068.0,1639.0,2480.0,1884.0,2971.0,2034.0,3014.0,1985.0,1769.0,1526.0,1294.0,1142.0,2959.0,1415.0,17327.0,12333.0,713,230,289,1,15,15,0,0.0,0.0,0.0,0.0,0.0,1.0,0.0,0.0,6.0,7.0,12.0,28.0,38.0,75.0,102.0,144.0,488.0,362.0,646.0,617.0,21945.0,516.0,5,20,2020,00:00:00
85,21-05-2020,2020-05-21 00:00:00,29912,16540,3662,8878,250,357,135,90,252,6452,1277,608.0,92.0,22741.0,269.0,278.0,513.0,442.0,2084.0,1668.0,2498.0,1918.0,2999.0,2060.0,3025.0,2005.0,1783.0,1540.0,1298.0,1153.0,2962.0,1417.0,17431.0,12481.0,717,232,297,1,15,15,0,0.0,0.0,0.0,0.0,0.0,1.0,0.0,0.0,6.0,7.0,12.0,28.0,38.0,75.0,102.0,144.0,495.0,369.0,653.0,624.0,22183.0,516.0,5,21,2020,00:00:00
86,22-05-2020,2020-05-22 00:00:00,30200,16596,3664,9106,251,358,135,90,288,7590,1289,576.0,84.0,26198.0,274.0,281.0,524.0,451.0,2113.0,1693.0,2526.0,1951.0,3019.0,2087.0,3044.0,2020.0,1793.0,1554.0,1302.0,1172.0,2971.0,1425.0,17566.0,12634.0,725,233,300,1,15,15,0,0.0,0.0,0.0,0.0,0.0,1.0,0.0,0.0,6.0,9.0,12.0,28.0,39.0,77.0,105.0,146.0,497.0,369.0,659.0,630.0,21321.0,492.0,5,22,2020,00:00:00
87,23-05-2020,2020-05-23 00:00:00,30471,16664,3676,9292,253,361,135,90,271,7705,1302,550.0,80.0,26130.0,279.0,288.0,529.0,456.0,2146.0,1730.0,2535.0,1980.0,3039.0,2108.0,3064.0,2036.0,1810.0,1566.0,1311.0,1177.0,2989.0,1428.0,17702.0,12769.0,732,230,309,1,15,15,0,0.0,0.0,0.0,0.0,0.0,1.0,0.0,0.0,6.0,9.0,12.0,27.0,40.0,75.0,105.0,147.0,503.0,377.0,666.0,636.0,21464.0,470.0,5,23,2020,00:00:00
88,24-05-2020,2020-05-24 00:00:00,30623,16678,3683,9423,253,361,135,90,152,17549,1316,536.0,78.0,26328.0,284.0,295.0,535.0,458.0,2162.0,1745.0,2545.0,2000.0,3042.0,2119.0,3069.0,2054.0,1820.0,1577.0,1312.0,1186.0,2991.0,1429.0,17760.0,12863.0,738,231,316,1,15,15,0,0.0,0.0,0.0,0.0,0.0,1.0,0.0,0.0,6.0,9.0,12.0,27.0,40.0,75.0,105.0,148.0,510.0,383.0,673.0,643.0,11758.0,458.0,5,24,2020,00:00:00
89,25-05-2020,2020-05-25 00:00:00,30788,16699,3683,9567,253,361,135,90,165,17822,1330,531.0,72.0,26449.0,287.0,298.0,540.0,463.0,2178.0,1779.0,2549.0,2023.0,3051.0,2134.0,3084.0,2061.0,1820.0,1589.0,1312.0,1189.0,2992.0,1439.0,17813.0,12975.0,744,233,322,1,15,15,0,0.0,0.0,0.0,0.0,0.0,1.0,0.0,0.0,6.0,9.0,13.0,28.0,42.0,76.0,107.0,151.0,513.0,384.0,681.0,649.0,11636.0,459.0,5,25,2020,00:00:00
90,26-05-2020,2020-05-26 00:00:00,31007,16697,3690,9778,254,363,135,90,219,18096,1342,513.0,71.0,26392.0,293.0,305.0,549.0,469.0,2201.0,1800.0,2568.0,2037.0,3057.0,2155.0,3093.0,2069.0,1833.0,1607.0,1316.0,1198.0,3012.0,1445.0,17922.0,13085.0,752,234,325,1,15,15,0,0.0,0.0,0.0,0.0,0.0,1.0,0.0,0.0,6.0,9.0,13.0,28.0,43.0,77.0,108.0,153.0,516.0,388.0,686.0,656.0,11569.0,442.0,5,26,2020,00:00:00
91,27-05-2020,2020-05-27 00:00:00,31292,16703,3690,10055,256,363,135,90,285,18349,1356,510.0,66.0,27141.0,297.0,310.0,559.0,478.0,2221.0,1828.0,2597.0,2082.0,3076.0,2189.0,3112.0,2100.0,1844.0,1619.0,1316.0,1204.0,3014.0,1446.0,18036.0,13256.0,755,235,335,1,15,15,0,0.0,0.0,0.0,0.0,0.0,1.0,0.0,0.0,6.0,9.0,13.0,29.0,43.0,78.0,109.0,156.0,521.0,391.0,692.0,664.0,11587.0,444.0,5,27,2020,00:00:00
92,28-05-2020,2020-05-28 00:00:00,31596,16718,3710,10320,257,366,135,90,304,18637,1369,512.0,65.0,27563.0,306.0,320.0,567.0,485.0,2256.0,1858.0,2622.0,2114.0,3102.0,2213.0,3128.0,2125.0,1854.0,1630.0,1321.0,1216.0,3021.0,1458.0,18177.0,13419.0,761,237,340,1,15,15,0,0.0,0.0,0.0,0.0,0.0,1.0,1.0,0.0,6.0,9.0,13.0,29.0,43.0,79.0,110.0,159.0,526.0,393.0,699.0,670.0,11590.0,447.0,5,28,2020,00:00:00
93,29-05-2020,2020-05-29 00:00:00,31946,16725,3728,10643,259,366,135,90,350,18911,1383,529.0,66.0,27917.0,312.0,334.0,576.0,489.0,2283.0,1895.0,2653.0,2145.0,3129.0,2239.0,3149.0,2138.0,1865.0,1642.0,1344.0,1230.0,3051.0,1472.0,18362.0,13584.0,769,237,346,1,15,15,0,0.0,0.0,0.0,0.0,0.0,1.0,1.0,0.0,6.0,9.0,13.0,30.0,43.0,81.0,110.0,160.0,529.0,400.0,702.0,681.0,11652.0,463.0,5,29,2020,00:00:00
94,30-05-2020,2020-05-30 00:00:00,32203,16739,3739,10874,259,367,135,90,257,19186,1396,514.0,63.0,28183.0,315.0,339.0,584.0,497.0,2313.0,1921.0,2679.0,2178.0,3148.0,2262.0,3165.0,2158.0,1875.0,1649.0,1354.0,1237.0,3055.0,1474.0,18488.0,13715.0,773,238,354,1,15,15,0,0.0,0.0,0.0,0.0,0.0,1.0,1.0,0.0,6.0,9.0,14.0,31.0,43.0,82.0,111.0,162.0,533.0,403.0,708.0,688.0,11621.0,451.0,5,30,2020,00:00:00
95,31-05-2020,2020-05-31 00:00:00,32500,16760,3744,11142,259,370,135,90,297,19409,1410,474.0,64.0,27924.0,325.0,348.0,592.0,506.0,2343.0,1953.0,2710.0,2208.0,3171.0,2288.0,3190.0,2175.0,1889.0,1657.0,1359.0,1241.0,3065.0,1480.0,18644.0,13856.0,784,238,357,1,15,15,0,0.0,0.0,0.0,0.0,1.0,1.0,1.0,0.0,6.0,9.0,14.0,31.0,43.0,82.0,111.0,163.0,541.0,407.0,717.0,693.0,11681.0,410.0,5,31,2020,00:00:00
96,01-06-2020,2020-01-06 00:00:00,32700,16760,3747,11335,259,372,137,90,200,19552,1424,471.0,64.0,27958.0,335.0,356.0,596.0,512.0,2371.0,1973.0,2731.0,2222.0,3180.0,2299.0,3202.0,2185.0,1901.0,1668.0,1367.0,1243.0,3079.0,1480.0,18762.0,13938.0,791,239,363,1,15,15,0,0.0,0.0,0.0,0.0,1.0,1.0,1.0,0.0,6.0,10.0,14.0,31.0,43.0,83.0,111.0,165.0,548.0,410.0,724.0,700.0,11724.0,407.0,1,6,2020,00:00:00
97,02-06-2020,2020-02-06 00:00:00,32895,16789,3753,11493,260,372,137,91,195,19869,1436,432.0,58.0,28064.0,341.0,364.0,601.0,517.0,2386.0,1991.0,2752.0,2242.0,3199.0,2313.0,3217.0,2192.0,1909.0,1670.0,1377.0,1246.0,3089.0,1483.0,18875.0,14020.0,795,240,370,1,15,15,0,0.0,0.0,0.0,0.0,1.0,1.0,1.0,0.0,7.0,10.0,15.0,31.0,43.0,84.0,111.0,166.0,552.0,414.0,730.0,706.0,11590.0,374.0,2,6,2020,00:00:00
98,03-06-2020,2020-03-06 00:00:00,33261,16804,3765,11828,260,376,138,90,366,20079,1447,428.0,56.0,28093.0,350.0,374.0,618.0,522.0,2421.0,2030.0,2781.0,2270.0,3230.0,2346.0,3239.0,2216.0,1923.0,1677.0,1393.0,1256.0,3115.0,1500.0,19070.0,14191.0,796,240,380,1,15,15,0,0.0,0.0,0.0,0.0,1.0,1.0,1.0,0.0,7.0,10.0,15.0,31.0,43.0,85.0,111.0,167.0,557.0,418.0,735.0,712.0,11735.0,372.0,3,6,2020,00:00:00
99,04-06-2020,2020-04-06 00:00:00,33592,16819,3770,12137,262,376,138,90,331,20323,1455,445.0,58.0,28685.0,355.0,383.0,626.0,525.0,2463.0,2067.0,2820.0,2310.0,3248.0,2390.0,3273.0,2236.0,1932.0,1691.0,1398.0,1256.0,3117.0,1502.0,19232.0,14360.0,801,240,383,1,15,15,0,0.0,0.0,0.0,0.0,1.0,1.0,1.0,0.0,7.0,10.0,15.0,31.0,43.0,86.0,111.0,168.0,559.0,422.0,737.0,718.0,11814.0,387.0,4,6,2020,00:00:00
100,05-06-2020,2020-05-06 00:00:00,33969,16834,3789,12473,263,380,140,90,377,20526,1465,421.0,58.0,28088.0,362.0,393.0,637.0,533.0,2497.0,2113.0,2860.0,2366.0,3271.0,2422.0,3299.0,2265.0,1953.0,1705.0,1406.0,1261.0,3117.0,1509.0,19402.0,14567.0,803,244,387,1,15,15,0,0.0,0.0,0.0,0.0,1.0,1.0,1.0,0.0,7.0,10.0,15.0,31.0,43.0,87.0,112.0,168.0,565.0,424.0,744.0,721.0,11978.0,411.0,5,6,2020,00:00:00
101,06-06-2020,2020-06-06 00:00:00,34351,16855,3799,12818,266,382,141,90,382,20807,1474,414.0,57.0,29013.0,371.0,401.0,652.0,539.0,2538.0,2154.0,2894.0,2415.0,3312.0,2464.0,3323.0,2287.0,1963.0,1710.0,1420.0,1269.0,3121.0,1518.0,19594.0,14757.0,804,244,395,1,15,15,0,0.0,0.0,0.0,0.0,1.0,1.0,1.0,0.0,7.0,10.0,15.0,31.0,43.0,87.0,112.0,170.0,569.0,427.0,748.0,726.0,12070.0,357.0,6,6,2020,00:00:00
102,07-06-2020,2020-07-06 00:00:00,34693,16909,3823,13073,268,389,141,90,342,20995,1479,398.0,58.0,29312.0,379.0,412.0,661.0,546.0,2568.0,2181.0,2916.0,2445.0,3340.0,2497.0,3343.0,2313.0,1977.0,1730.0,1429.0,1272.0,3134.0,1517.0,19766.0,14927.0,806,244,398,1,15,15,0,0.0,0.0,0.0,0.0,1.0,1.0,1.0,0.0,7.0,10.0,15.0,32.0,43.0,87.0,112.0,170.0,570.0,430.0,749.0,730.0,12219.0,340.0,7,6,2020,00:00:00
103,08-06-2020,2020-08-06 00:00:00,34885,16948,3826,13222,268,389,142,90,192,21156,1485,366.0,55.0,28791.0,386.0,422.0,666.0,559.0,2590.0,2200.0,2925.0,2455.0,3352.0,2508.0,3361.0,2326.0,1989.0,1740.0,1432.0,1276.0,3144.0,1521.0,19864.0,15021.0,807,244,403,1,15,15,0,0.0,0.0,0.0,0.0,1.0,1.0,1.0,0.0,7.0,10.0,15.0,32.0,43.0,88.0,112.0,171.0,570.0,434.0,749.0,736.0,12244.0,311.0,8,6,2020,00:00:00
104,09-06-2020,2020-09-06 00:00:00,35306,16967,3837,13608,273,389,142,90,421,21339,1492,394.0,65.0,30176.0,391.0,436.0,672.0,562.0,2630.0,2244.0,2957.0,2502.0,3370.0,2559.0,3386.0,2367.0,2011.0,1760.0,1440.0,1284.0,3168.0,1531.0,20045.0,15261.0,809,244,408,1,15,15,0,0.0,0.0,0.0,0.0,1.0,1.0,1.0,0.0,7.0,10.0,15.0,33.0,43.0,88.0,113.0,171.0,575.0,434.0,755.0,737.0,12475.0,329.0,9,6,2020,00:00:00
105,10-06-2020,2020-10-06 00:00:00,35600,16988,3837,13878,274,391,142,90,294,21742,1497,417.0,70.0,30398.0,403.0,447.0,681.0,581.0,2650.0,2277.0,2983.0,2530.0,3400.0,2582.0,3412.0,2383.0,2028.0,1774.0,1443.0,1291.0,3178.0,1532.0,20193.0,15407.0,809,245,412,1,15,15,0,0.0,0.0,0.0,0.0,1.0,1.0,1.0,0.0,7.0,10.0,15.0,33.0,43.0,88.0,114.0,171.0,576.0,437.0,757.0,740.0,12361.0,347.0,10,6,2020,00:00:00
106,11-06-2020,2020-11-06 00:00:00,35910,17007,3841,14161,277,391,143,90,310,22002,1504,415.0,70.0,30615.0,414.0,459.0,695.0,592.0,2663.0,2305.0,3017.0,2596.0,3413.0,2605.0,3439.0,2399.0,2039.0,1792.0,1446.0,1293.0,3182.0,1535.0,20320.0,15590.0,810,246,417,1,15,15,0,0.0,0.0,0.0,0.0,1.0,1.0,1.0,0.0,7.0,10.0,15.0,33.0,43.0,90.0,115.0,172.0,577.0,439.0,759.0,745.0,12404.0,345.0,11,6,2020,00:00:00
107,12-06-2020,2020-12-06 00:00:00,36180,17024,3846,14407,277,393,143,90,270,22200,1505,440.0,73.0,30779.0,424.0,473.0,711.0,603.0,2698.0,2332.0,3037.0,2620.0,3438.0,2620.0,3456.0,2417.0,2052.0,1801.0,1450.0,1301.0,3187.0,1535.0,20464.0,15716.0,811,246,417,1,15,15,0,0.0,0.0,0.0,0.0,1.0,1.0,1.0,0.0,7.0,10.0,15.0,33.0,43.0,90.0,115.0,173.0,577.0,439.0,759.0,746.0,12475.0,367.0,12,6,2020,00:00:00
108,13-06-2020,2020-06-13 00:00:00,36463,17066,3868,14622,281,393,143,90,283,22438,1512,428.0,77.0,30655.0,423.0,478.0,719.0,605.0,2723.0,2365.0,3056.0,2643.0,3465.0,2655.0,3471.0,2441.0,2066.0,1814.0,1460.0,1306.0,3200.0,1548.0,20594.0,15869.0,812,246,422,2,15,15,0,0.0,0.0,0.0,0.0,1.0,1.0,1.0,0.0,7.0,10.0,15.0,34.0,44.0,91.0,115.0,175.0,578.0,440.0,761.0,751.0,12513.0,351.0,6,13,2020,00:00:00
109,14-06-2020,2020-06-14 00:00:00,36690,17078,3874,14828,282,395,143,90,227,22669,1517,419.0,73.0,30658.0,432.0,485.0,728.0,610.0,2749.0,2385.0,3075.0,2672.0,3484.0,2674.0,3491.0,2456.0,2073.0,1818.0,1466.0,1313.0,3200.0,1549.0,20713.0,15977.0,812,246,427,2,15,15,0,0.0,0.0,0.0,0.0,1.0,1.0,1.0,0.0,7.0,10.0,15.0,34.0,43.0,93.0,116.0,175.0,581.0,440.0,764.0,753.0,12504.0,346.0,6,14,2020,00:00:00
110,15-06-2020,2020-06-15 00:00:00,37036,17097,3892,15128,287,399,143,90,346,22852,1520,431.0,73.0,30703.0,435.0,493.0,738.0,615.0,2790.0,2424.0,3103.0,2701.0,3517.0,2697.0,3522.0,2473.0,2081.0,1834.0,1476.0,1320.0,3228.0,1564.0,20902.0,16134.0,813,246,429,2,15,15,0,0.0,0.0,0.0,0.0,1.0,1.0,1.0,0.0,7.0,10.0,15.0,34.0,43.0,93.0,117.0,175.0,581.0,442.0,765.0,755.0,12664.0,358.0,6,15,2020,00:00:00
111,16-06-2020,2020-06-16 00:00:00,37336,17141,3904,15364,287,407,143,90,300,23212,1522,423.0,71.0,30810.0,435.0,503.0,749.0,619.0,2809.0,2451.0,3127.0,2727.0,3551.0,2733.0,3545.0,2489.0,2097.0,1849.0,1484.0,1324.0,3248.0,1571.0,21057.0,16279.0,813,246,431,2,15,15,0,0.0,0.0,0.0,0.0,1.0,1.0,1.0,0.0,7.0,10.0,15.0,34.0,44.0,93.0,117.0,176.0,581.0,442.0,766.0,756.0,12602.0,352.0,6,16,2020,00:00:00
112,17-06-2020,2020-06-17 00:00:00,37672,17179,3913,15646,288,413,143,90,336,23580,1523,435.0,69.0,30289.0,440.0,508.0,756.0,629.0,2850.0,2472.0,3152.0,2759.0,3575.0,2775.0,3577.0,2522.0,2109.0,1866.0,1492.0,1328.0,3257.0,1580.0,21220.0,16452.0,813,246,432,2,15,15,0,0.0,0.0,0.0,0.0,1.0,1.0,1.0,0.0,7.0,10.0,15.0,34.0,44.0,93.0,117.0,176.0,582.0,442.0,767.0,756.0,12569.0,366.0,6,17,2020,00:00:00
113,18-06-2020,2020-06-18 00:00:00,38089,17208,3934,15971,295,448,143,90,417,24010,1524,416.0,67.0,30426.0,450.0,519.0,776.0,640.0,2906.0,2519.0,3180.0,2799.0,3604.0,2802.0,3595.0,2552.0,2127.0,1879.0,1506.0,1342.0,3278.0,1588.0,21435.0,16654.0,813,246,433,2,15,15,0,0.0,0.0,0.0,0.0,1.0,1.0,1.0,0.0,7.0,10.0,15.0,34.0,44.0,93.0,117.0,176.0,582.0,443.0,767.0,757.0,12555.0,349.0,6,18,2020,00:00:00
114,19-06-2020,2020-06-19 00:00:00,38464,17236,3955,16255,304,480,143,91,375,24477,1527,422.0,67.0,29046.0,463.0,530.0,795.0,657.0,2956.0,2554.0,3209.0,2836.0,3628.0,2820.0,3619.0,2578.0,2151.0,1898.0,1510.0,1346.0,3291.0,1595.0,21635.0,16829.0,813,247,435,2,15,15,0,0.0,0.0,0.0,0.0,1.0,1.0,1.0,0.0,7.0,10.0,15.0,34.0,44.0,94.0,118.0,176.0,583.0,443.0,769.0,758.0,12460.0,355.0,6,19,2020,00:00:00
115,20-06-2020,2020-06-20 00:00:00,38841,17242,3966,16537,363,499,143,91,377,24906,1528,422.0,70.0,30852.0,478.0,542.0,812.0,670.0,2993.0,2586.0,3246.0,2867.0,3657.0,2852.0,3643.0,2596.0,2162.0,1905.0,1512.0,1351.0,3332.0,1609.0,21848.0,16993.0,814,247,435,2,15,15,0,0.0,0.0,0.0,0.0,1.0,1.0,1.0,0.0,7.0,10.0,15.0,34.0,44.0,94.0,117.0,177.0,583.0,444.0,768.0,760.0,12407.0,352.0,6,20,2020,00:00:00
116,21-06-2020,2020-06-21 00:00:00,39133,17249,3991,16762,374,521,144,92,292,25376,1530,407.0,69.0,30855.0,490.0,554.0,820.0,684.0,3028.0,2600.0,3269.0,2897.0,3680.0,2884.0,3672.0,2609.0,2173.0,1912.0,1520.0,1354.0,3342.0,1615.0,22007.0,17126.0,814,248,436,2,15,15,0,0.0,0.0,0.0,0.0,1.0,1.0,1.0,0.0,7.0,10.0,15.0,34.0,44.0,94.0,118.0,178.0,584.0,443.0,770.0,760.0,12227.0,338.0,6,21,2020,00:00:00
117,22-06-2020,2020-06-22 00:00:00,39392,17320,4005,16926,376,529,144,92,259,25548,1534,424.0,72.0,30956.0,491.0,561.0,827.0,695.0,3046.0,2611.0,3289.0,2911.0,3697.0,2900.0,3685.0,2614.0,2199.0,1920.0,1530.0,1365.0,3395.0,1625.0,22173.0,17219.0,814,248,440,2,15,15,0,0.0,0.0,0.0,0.0,1.0,1.0,1.0,0.0,7.0,10.0,15.0,34.0,44.0,94.0,118.0,178.0,585.0,446.0,771.0,763.0,12310.0,352.0,6,22,2020,00:00:00
118,23-06-2020,2020-06-23 00:00:00,39737,17329,4014,17225,397,536,144,92,345,25829,1540,441.0,72.0,30248.0,501.0,568.0,839.0,711.0,3080.0,2644.0,3323.0,2946.0,3731.0,2928.0,3706.0,2639.0,2216.0,1929.0,1535.0,1372.0,3411.0,1630.0,22353.0,17384.0,814,248,446,2,15,15,0,0.0,0.0,0.0,0.0,1.0,1.0,1.0,0.0,7.0,10.0,15.0,34.0,45.0,95.0,119.0,179.0,587.0,446.0,775.0,765.0,12368.0,369.0,6,23,2020,00:00:00
119,24-06-2020,2020-06-24 00:00:00,40104,17339,4042,17527,406,552,146,92,367,26083,1543,429.0,73.0,30935.0,509.0,581.0,846.0,723.0,3112.0,2678.0,3359.0,2970.0,3763.0,2957.0,3724.0,2665.0,2234.0,1945.0,1552.0,1387.0,3428.0,1641.0,22540.0,17564.0,814,248,449,2,15,15,0,0.0,0.0,0.0,0.0,1.0,1.0,1.0,1.0,8.0,10.0,15.0,34.0,46.0,95.0,119.0,179.0,587.0,446.0,777.0,766.0,12478.0,356.0,6,24,2020,00:00:00
120,25-06-2020,2020-06-25 00:00:00,40415,17372,4055,17767,409,574,146,92,311,26382,1549,436.0,67.0,31113.0,520.0,596.0,860.0,738.0,3145.0,2700.0,3389.0,3001.0,3789.0,2980.0,3745.0,2678.0,2238.0,1957.0,1562.0,1390.0,3446.0,1652.0,22707.0,17708.0,815,248,453,3,15,15,0,0.0,0.0,0.0,0.0,1.0,1.0,1.0,1.0,8.0,10.0,15.0,34.0,46.0,96.0,119.0,180.0,589.0,448.0,779.0,770.0,12484.0,369.0,6,25,2020,00:00:00
121,26-06-2020,2020-06-26 00:00:00,40866,17441,4056,18106,449,574,148,92,451,26633,1555,457.0,67.0,31246.0,536.0,610.0,877.0,758.0,3181.0,2730.0,3431.0,3050.0,3821.0,3000.0,3763.0,2708.0,2258.0,1977.0,1580.0,1400.0,3488.0,1669.0,22948.0,17918.0,816,248,457,4,15,15,0,0.0,0.0,0.0,0.0,1.0,1.0,1.0,1.0,8.0,10.0,15.0,34.0,46.0,97.0,119.0,180.0,590.0,452.0,780.0,775.0,12678.0,390.0,6,26,2020,00:00:00
122,27-06-2020,2020-06-27 00:00:00,41189,17445,4080,18361,467,595,149,92,323,26864,1561,442.0,70.0,31255.0,549.0,625.0,888.0,764.0,3213.0,2758.0,3464.0,3077.0,3847.0,3022.0,3789.0,2722.0,2273.0,1996.0,1585.0,1410.0,3503.0,1675.0,23124.0,18065.0,816,248,463,4,15,15,0,0.0,0.0,0.0,0.0,1.0,1.0,1.0,1.0,8.0,10.0,15.0,35.0,46.0,97.0,119.0,181.0,591.0,455.0,781.0,780.0,12764.0,372.0,6,27,2020,00:00:00
123,28-06-2020,2020-06-28 00:00:00,41646,17476,4094,18752,471,612,149,92,457,27066,1564,458.0,75.0,31299.0,559.0,643.0,908.0,782.0,3260.0,2792.0,3506.0,3120.0,3885.0,3047.0,3817.0,2747.0,2293.0,2006.0,1598.0,1413.0,3549.0,1693.0,23388.0,18258.0,816,248,465,5,15,15,0,0.0,0.0,0.0,0.0,1.0,1.0,1.0,1.0,8.0,10.0,15.0,35.0,46.0,97.0,119.0,182.0,593.0,455.0,783.0,781.0,12836.0,383.0,6,28,2020,00:00:00
124,29-06-2020,2020-06-29 00:00:00,41912,17501,4100,18977,477,615,150,92,266,27205,1568,489.0,71.0,31310.0,564.0,653.0,920.0,791.0,3288.0,2814.0,3527.0,3150.0,3902.0,3080.0,3835.0,2755.0,2298.0,2016.0,1605.0,1419.0,3563.0,1704.0,23515.0,18397.0,817,248,468,5,15,15,0,0.0,0.0,0.0,0.0,1.0,1.0,1.0,1.0,8.0,10.0,15.0,35.0,46.0,97.0,120.0,182.0,595.0,456.0,786.0,782.0,13139.0,418.0,6,29,2020,00:00:00
125,30-06-2020,2020-06-30 00:00:00,42171,17521,4110,19195,484,618,150,93,259,27505,1576,491.0,73.0,31414.0,572.0,661.0,928.0,798.0,3315.0,2839.0,3554.0,3172.0,3919.0,3096.0,3851.0,2771.0,2313.0,2029.0,1613.0,1428.0,3569.0,1714.0,23647.0,18524.0,818,248,473,7,15,15,0,0.0,0.0,0.0,0.0,1.0,1.0,1.0,1.0,8.0,10.0,15.0,35.0,46.0,98.0,121.0,183.0,598.0,458.0,790.0,786.0,13090.0,418.0,6,30,2020,00:00:00
126,01-07-2020,2020-01-07 00:00:00,42523,17585,4121,19452,491,632,150,92,352,27798,1579,503.0,79.0,31389.0,573.0,674.0,941.0,804.0,3355.0,2875.0,3598.0,3206.0,3936.0,3126.0,3870.0,2791.0,2328.0,2053.0,1619.0,1439.0,3582.0,1719.0,23817.0,18706.0,819,248,475,7,15,15,0,0.0,0.0,0.0,0.0,1.0,1.0,1.0,1.0,8.0,10.0,15.0,35.0,46.0,98.0,121.0,183.0,600.0,459.0,792.0,787.0,13146.0,424.0,1,7,2020,00:00:00
127,02-07-2020,2020-02-07 00:00:00,42901,17624,4121,19775,499,639,151,92,378,28097,1587,510.0,77.0,31274.0,581.0,690.0,955.0,819.0,3389.0,2909.0,3640.0,3242.0,3966.0,3152.0,3893.0,2809.0,2349.0,2067.0,1635.0,1447.0,3602.0,1722.0,24025.0,18876.0,819,249,480,9,15,15,0,0.0,0.0,0.0,0.0,1.0,1.0,1.0,1.0,9.0,10.0,16.0,35.0,46.0,98.0,121.0,185.0,603.0,460.0,797.0,790.0,13217.0,433.0,2,7,2020,00:00:00
128,03-07-2020,2020-03-07 00:00:00,43356,17664,4137,20156,507,649,151,92,455,28424,1598,495.0,72.0,31433.0,598.0,700.0,964.0,837.0,3431.0,2943.0,3680.0,3276.0,4005.0,3192.0,3922.0,2827.0,2372.0,2092.0,1646.0,1458.0,3648.0,1731.0,24281.0,19075.0,819,248,491,10,15,15,0,0.0,0.0,0.0,0.0,1.0,1.0,1.0,1.0,9.0,10.0,15.0,37.0,46.0,99.0,122.0,187.0,605.0,464.0,799.0,799.0,13334.0,423.0,3,7,2020,00:00:00
129,04-07-2020,2020-04-07 00:00:00,43769,17723,4157,20473,520,653,151,92,413,28772,1605,489.0,73.0,31486.0,606.0,718.0,986.0,851.0,3475.0,2982.0,3709.0,3307.0,4037.0,3224.0,3961.0,2840.0,2391.0,2109.0,1660.0,1469.0,3667.0,1742.0,24508.0,19261.0,819,248,498,10,15,15,0,0.0,0.0,0.0,0.0,1.0,1.0,1.0,1.0,10.0,10.0,15.0,37.0,46.0,100.0,122.0,187.0,608.0,466.0,803.0,802.0,13392.0,416.0,4,7,2020,00:00:00
130,05-07-2020,2020-05-07 00:00:00,44097,17748,4189,20727,527,662,151,93,328,29017,1614,504.0,73.0,31457.0,622.0,742.0,993.0,865.0,3508.0,3011.0,3747.0,3335.0,4068.0,3235.0,3971.0,2860.0,2405.0,2120.0,1668.0,1474.0,3685.0,1752.0,24684.0,19413.0,819,248,504,13,15,15,0,0.0,0.0,0.0,0.0,1.0,1.0,1.0,1.0,10.0,10.0,15.0,37.0,46.0,100.0,123.0,187.0,615.0,467.0,811.0,803.0,13466.0,431.0,5,7,2020,00:00:00
131,06-07-2020,2020-06-07 00:00:00,44329,17766,4195,20922,539,663,151,93,232,29166,1620,513.0,74.0,31485.0,625.0,751.0,1001.0,872.0,3538.0,3033.0,3761.0,3350.0,4082.0,3255.0,3986.0,2879.0,2417.0,2129.0,1676.0,1483.0,3697.0,1757.0,24800.0,19529.0,820,248,507,15,15,15,0,0.0,0.0,0.0,0.0,1.0,1.0,1.0,1.0,10.0,10.0,15.0,38.0,46.0,102.0,123.0,187.0,616.0,469.0,812.0,808.0,13543.0,439.0,6,7,2020,00:00:00
132,07-07-2020,2020-07-07 00:00:00,44616,17823,4211,21129,544,663,151,95,287,29445,1629,511.0,76.0,33134.0,634.0,761.0,1008.0,881.0,3565.0,3057.0,3794.0,3369.0,4109.0,3279.0,4005.0,2893.0,2429.0,2142.0,1683.0,1493.0,3715.0,1762.0,24959.0,19657.0,821,248,513,17,15,15,0,0.0,0.0,0.0,0.0,1.0,1.0,1.0,1.0,10.0,10.0,15.0,38.0,46.0,102.0,125.0,189.0,618.0,472.0,816.0,813.0,13542.0,435.0,7,7,2020,00:00:00
133,08-07-2020,2020-08-07 00:00:00,45059,17900,4232,21456,551,676,149,95,443,29714,1631,512.0,74.0,33225.0,641.0,777.0,1014.0,895.0,3622.0,3092.0,3837.0,3420.0,4136.0,3307.0,4048.0,2918.0,2445.0,2156.0,1700.0,1503.0,3732.0,1779.0,25191.0,19868.0,821,248,514,18,15,15,0,0.0,0.0,0.0,0.0,1.0,1.0,1.0,1.0,10.0,10.0,16.0,38.0,46.0,102.0,125.0,190.0,618.0,472.0,817.0,814.0,13714.0,438.0,8,7,2020,00:00:00
134,09-07-2020,2020-09-07 00:00:00,45477,17957,4245,21784,562,683,151,95,418,30049,1644,487.0,73.0,34102.0,654.0,781.0,1034.0,907.0,3667.0,3122.0,3870.0,3459.0,4177.0,3332.0,4082.0,2943.0,2459.0,2181.0,1722.0,1517.0,3745.0,1788.0,25426.0,20051.0,821,248,527,18,15,15,0,0.0,0.0,0.0,0.0,1.0,1.0,1.0,1.0,10.0,10.0,17.0,38.0,46.0,102.0,125.0,190.0,625.0,477.0,825.0,819.0,13784.0,414.0,9,7,2020,00:00:00
135,10-07-2020,2020-10-07 00:00:00,45879,18001,4254,22126,562,688,153,95,402,30350,1646,471.0,66.0,34082.0,661.0,794.0,1055.0,923.0,3708.0,3169.0,3911.0,3497.0,4212.0,3356.0,4106.0,2975.0,2477.0,2194.0,1730.0,1525.0,3754.0,1795.0,25630.0,20249.0,821,250,527,18,15,15,0,0.0,0.0,0.0,0.0,1.0,1.0,1.0,1.0,10.0,10.0,17.0,38.0,46.0,102.0,125.0,190.0,626.0,478.0,826.0,820.0,13883.0,405.0,10,7,2020,00:00:00
136,11-07-2020,2020-11-07 00:00:00,46221,18068,4255,22385,570,695,153,95,342,30655,1654,459.0,68.0,34303.0,676.0,802.0,1068.0,938.0,3737.0,3200.0,3940.0,3538.0,4244.0,3380.0,4129.0,2997.0,2492.0,2198.0,1738.0,1534.0,3770.0,1802.0,25811.0,20410.0,821,250,535,18,15,15,0,0.0,0.0,0.0,0.0,1.0,1.0,1.0,1.0,10.0,10.0,17.0,38.0,47.0,102.0,125.0,193.0,627.0,481.0,828.0,826.0,13912.0,391.0,11,7,2020,00:00:00
137,12-07-2020,2020-12-07 00:00:00,46512,18109,4267,22611,572,704,152,97,291,30907,1660,462.0,64.0,34512.0,690.0,809.0,1080.0,947.0,3758.0,3219.0,3958.0,3573.0,4269.0,3402.0,4133.0,3022.0,2509.0,2218.0,1749.0,1540.0,3781.0,1807.0,25946.0,20566.0,822,250,540,18,15,15,0,0.0,0.0,0.0,0.0,1.0,1.0,1.0,1.0,10.0,10.0,17.0,38.0,48.0,102.0,126.0,194.0,627.0,484.0,830.0,830.0,13945.0,398.0,12,7,2020,00:00:00
138,13-07-2020,2020-07-13 00:00:00,46818,18142,4276,22865,576,708,152,99,306,31065,1662,467.0,63.0,34301.0,702.0,822.0,1084.0,959.0,3785.0,3255.0,3983.0,3604.0,4284.0,3428.0,4151.0,3047.0,2524.0,2235.0,1757.0,1548.0,3791.0,1811.0,26080.0,20738.0,823,250,541,18,15,15,0,0.0,0.0,0.0,0.0,1.0,1.0,2.0,1.0,10.0,10.0,17.0,38.0,48.0,102.0,126.0,195.0,627.0,484.0,831.0,831.0,14091.0,404.0,7,13,2020,00:00:00
139,14-07-2020,2020-07-14 00:00:00,47051,18184,4297,23008,586,725,152,99,233,31550,1668,472.0,69.0,34641.0,707.0,827.0,1090.0,964.0,3813.0,3284.0,3996.0,3627.0,4303.0,3455.0,4168.0,3060.0,2534.0,2248.0,1762.0,1553.0,3798.0,1813.0,26191.0,20860.0,823,250,547,18,15,15,0,0.0,0.0,0.0,0.0,1.0,1.0,2.0,1.0,10.0,10.0,17.0,38.0,48.0,102.0,128.0,196.0,630.0,484.0,836.0,832.0,13833.0,403.0,7,14,2020,00:00:00
140,15-07-2020,2020-07-15 00:00:00,47426,18215,4319,23296,596,750,151,99,375,32110,1676,478.0,68.0,35316.0,715.0,843.0,1105.0,975.0,3833.0,3320.0,4036.0,3659.0,4345.0,3494.0,4191.0,3084.0,2548.0,2259.0,1770.0,1567.0,3802.0,1824.0,26366.0,21060.0,826,251,550,19,15,15,0,0.0,0.0,0.0,0.0,1.0,1.0,2.0,1.0,10.0,10.0,17.0,38.0,48.0,102.0,128.0,196.0,636.0,486.0,842.0,834.0,13640.0,410.0,7,15,2020,00:00:00
141,16-07-2020,2020-07-16 00:00:00,47765,18253,4330,23570,605,757,151,99,339,32476,1679,476.0,72.0,34898.0,727.0,853.0,1122.0,984.0,3861.0,3353.0,4076.0,3691.0,4376.0,3520.0,4212.0,3103.0,2555.0,2273.0,1779.0,1579.0,3815.0,1828.0,26546.0,21219.0,826,251,553,19,15,15,0,0.0,0.0,0.0,0.0,1.0,1.0,2.0,1.0,10.0,10.0,17.0,38.0,48.0,102.0,128.0,197.0,637.0,487.0,843.0,836.0,13610.0,404.0,7,16,2020,00:00:00
142,17-07-2020,2020-07-17 00:00:00,48077,18293,4340,23806,623,764,152,99,312,32790,1682,447.0,67.0,35150.0,735.0,869.0,1129.0,995.0,3904.0,3376.0,4112.0,3715.0,4406.0,3539.0,4233.0,3123.0,2567.0,2282.0,1788.0,1586.0,3821.0,1833.0,26719.0,21358.0,827,251,555,19,15,15,0,0.0,0.0,0.0,0.0,1.0,1.0,2.0,1.0,10.0,10.0,17.0,38.0,48.0,102.0,128.0,197.0,639.0,488.0,845.0,837.0,13605.0,380.0,7,17,2020,00:00:00
143,18-07-2020,2020-07-18 00:00:00,48390,18328,4354,24047,627,780,153,101,313,33153,1684,452.0,65.0,35113.0,744.0,883.0,1139.0,1004.0,3938.0,3403.0,4141.0,3733.0,4437.0,3561.0,4254.0,3143.0,2585.0,2296.0,1797.0,1596.0,3835.0,1837.0,26894.0,21496.0,827,251,557,19,15,15,0,0.0,0.0,0.0,0.0,1.0,1.0,2.0,1.0,10.0,10.0,17.0,38.0,48.0,102.0,128.0,197.0,640.0,489.0,846.0,838.0,13553.0,387.0,7,18,2020,00:00:00
144,19-07-2020,2020-07-19 00:00:00,48636,18338,4357,24261,630,790,158,102,246,33369,1689,439.0,61.0,35081.0,755.0,891.0,1148.0,1014.0,3968.0,3410.0,4159.0,3760.0,4464.0,3578.0,4269.0,3165.0,2593.0,2308.0,1805.0,1602.0,3843.0,1840.0,27028.0,21608.0,827,251,562,19,15,15,0,0.0,0.0,0.0,0.0,1.0,1.0,2.0,1.0,10.0,10.0,17.0,38.0,48.0,102.0,128.0,198.0,642.0,491.0,848.0,841.0,13578.0,378.0,7,19,2020,00:00:00
145,20-07-2020,2020-07-20 00:00:00,48771,18356,4361,24369,635,790,158,102,135,33547,1691,454.0,61.0,35073.0,756.0,898.0,1152.0,1018.0,3979.0,3423.0,4175.0,3768.0,4473.0,3589.0,4276.0,3174.0,2601.0,2316.0,1809.0,1605.0,3849.0,1846.0,27094.0,21677.0,827,251,564,19,15,15,0,0.0,0.0,0.0,0.0,1.0,1.0,2.0,1.0,10.0,10.0,17.0,38.0,48.0,102.0,128.0,198.0,643.0,492.0,849.0,842.0,13533.0,393.0,7,20,2020,00:00:00
146,21-07-2020,2020-07-21 00:00:00,48898,18372,4367,24470,636,792,159,102,127,33769,1697,439.0,62.0,35077.0,758.0,902.0,1155.0,1021.0,3995.0,3434.0,4191.0,3777.0,4482.0,3595.0,4282.0,3184.0,2607.0,2325.0,1815.0,1608.0,3855.0,1848.0,27164.0,21734.0,827,251,570,19,15,15,0,0.0,0.0,0.0,0.0,1.0,1.0,2.0,1.0,10.0,10.0,17.0,38.0,48.0,103.0,128.0,199.0,647.0,492.0,853.0,844.0,13432.0,377.0,7,21,2020,00:00:00
147,22-07-2020,2020-07-22 00:00:00,49150,18390,4379,24685,639,796,159,102,252,33999,1702,439.0,59.0,35040.0,770.0,912.0,1172.0,1028.0,4024.0,3447.0,4214.0,3798.0,4507.0,3618.0,4291.0,3198.0,2616.0,2335.0,1827.0,1618.0,3858.0,1852.0,27303.0,21847.0,827,252,574,19,15,15,0,0.0,0.0,0.0,0.0,1.0,1.0,2.0,1.0,10.0,10.0,17.0,38.0,48.0,104.0,128.0,199.0,648.0,495.0,854.0,848.0,13449.0,380.0,7,22,2020,00:00:00
148,23-07-2020,2020-07-23 00:00:00,49379,18415,4387,24857,653,806,159,102,229,34369,1705,431.0,59.0,34966.0,773.0,922.0,1183.0,1036.0,4043.0,3471.0,4234.0,3811.0,4525.0,3645.0,4299.0,3216.0,2623.0,2345.0,1837.0,1626.0,3867.0,1856.0,27409.0,21970.0,828,252,576,19,15,15,0,0.0,0.0,0.0,0.0,1.0,1.0,2.0,1.0,10.0,10.0,17.0,38.0,48.0,104.0,128.0,199.0,649.0,497.0,855.0,850.0,13305.0,372.0,7,23,2020,00:00:00
149,24-07-2020,2020-07-24 00:00:00,49692,18441,4392,25110,667,817,160,105,313,34687,1712,420.0,52.0,34870.0,784.0,929.0,1195.0,1048.0,4072.0,3496.0,4259.0,3851.0,4551.0,3668.0,4312.0,3237.0,2633.0,2366.0,1842.0,1632.0,3889.0,1861.0,27563.0,22129.0,828,252,582,20,15,15,0,0.0,0.0,0.0,0.0,1.0,1.0,2.0,1.0,10.0,10.0,17.0,38.0,48.0,104.0,129.0,201.0,651.0,499.0,858.0,854.0,13293.0,368.0,7,24,2020,00:00:00
150,25-07-2020,2020-07-25 00:00:00,49955,18487,4401,25293,671,838,160,105,263,35010,1716,410.0,50.0,34980.0,791.0,936.0,1203.0,1060.0,4096.0,3521.0,4280.0,3887.0,4573.0,3690.0,4329.0,3249.0,2645.0,2380.0,1850.0,1640.0,3893.0,1865.0,27686.0,22269.0,828,252,585,21,15,15,0,0.0,0.0,0.0,0.0,1.0,1.0,2.0,1.0,10.0,10.0,17.0,38.0,48.0,104.0,129.0,202.0,653.0,500.0,860.0,856.0,13229.0,360.0,7,25,2020,00:00:00
151,26-07-2020,2020-07-26 00:00:00,50164,18503,4407,25448,688,853,160,105,209,35217,1717,403.0,48.0,35157.0,800.0,949.0,1207.0,1063.0,4117.0,3543.0,4292.0,3907.0,4588.0,3706.0,4345.0,3265.0,2656.0,2385.0,1857.0,1643.0,3905.0,1868.0,27793.0,22371.0,828,252,586,21,15,15,0,0.0,0.0,0.0,0.0,1.0,1.0,2.0,1.0,10.0,10.0,17.0,38.0,48.0,104.0,129.0,203.0,653.0,500.0,860.0,857.0,13230.0,355.0,7,26,2020,00:00:00
152,27-07-2020,2020-07-27 00:00:00,50299,18525,4411,25549,691,853,165,105,135,35375,1719,414.0,45.0,35120.0,804.0,949.0,1213.0,1068.0,4131.0,3551.0,4305.0,3922.0,4601.0,3720.0,4356.0,3272.0,2667.0,2386.0,1858.0,1647.0,3912.0,1869.0,27873.0,22426.0,828,252,588,21,15,15,0,0.0,0.0,0.0,0.0,1.0,1.0,2.0,1.0,10.0,10.0,17.0,38.0,48.0,104.0,129.0,203.0,654.0,501.0,861.0,858.0,13205.0,369.0,7,27,2020,00:00:00
153,28-07-2020,2020-07-28 00:00:00,50410,18549,4422,25617,697,853,167,105,111,35626,1722,402.0,41.0,35335.0,808.0,953.0,1216.0,1070.0,4144.0,3560.0,4312.0,3924.0,4607.0,3726.0,4364.0,3278.0,2677.0,2393.0,1860.0,1653.0,3914.0,1879.0,27930.0,22480.0,828,252,591,21,15,15,0,0.0,0.0,0.0,0.0,1.0,1.0,2.0,1.0,10.0,10.0,17.0,38.0,48.0,105.0,130.0,203.0,655.0,501.0,863.0,859.0,13062.0,361.0,7,28,2020,00:00:00
154,29-07-2020,2020-07-29 00:00:00,50613,18585,4429,25763,706,858,167,105,203,35875,1725,403.0,43.0,35339.0,821.0,962.0,1222.0,1073.0,4168.0,3586.0,4324.0,3934.0,4628.0,3742.0,4384.0,3294.0,2678.0,2402.0,1865.0,1657.0,3917.0,1882.0,28037.0,22576.0,828,252,594,21,15,15,0,0.0,0.0,0.0,0.0,1.0,1.0,2.0,1.0,10.0,10.0,17.0,38.0,48.0,105.0,130.0,203.0,657.0,502.0,865.0,860.0,13013.0,360.0,7,29,2020,00:00:00
155,30-07-2020,2020-07-30 00:00:00,50868,18626,4435,25939,717,878,167,106,255,36140,1727,403.0,42.0,35741.0,830.0,966.0,1227.0,1079.0,4187.0,3606.0,4356.0,3956.0,4657.0,3771.0,4404.0,3305.0,2690.0,2412.0,1870.0,1664.0,3925.0,1889.0,28176.0,22692.0,828,252,596,21,15,15,0,0.0,0.0,0.0,0.0,1.0,1.0,2.0,1.0,10.0,10.0,17.0,38.0,48.0,105.0,130.0,204.0,657.0,503.0,865.0,862.0,13001.0,361.0,7,30,2020,00:00:00
156,31-07-2020,2020-07-31 00:00:00,51072,18675,4439,26067,734,883,168,106,204,36483,1735,381.0,41.0,35757.0,838.0,977.0,1236.0,1088.0,4196.0,3623.0,4379.0,3959.0,4679.0,3792.0,4413.0,3322.0,2700.0,2419.0,1877.0,1671.0,3935.0,1892.0,28285.0,22787.0,828,252,604,21,15,15,0,0.0,0.0,0.0,0.0,1.0,1.0,3.0,1.0,10.0,10.0,17.0,38.0,48.0,106.0,130.0,207.0,659.0,504.0,868.0,867.0,12854.0,340.0,7,31,2020,00:00:00
157,01-08-2020,2020-01-08 00:00:00,51310,18742,4449,26231,736,879,167,106,238,36783,1737,375.0,40.0,35661.0,850.0,989.0,1249.0,1094.0,4211.0,3640.0,4397.0,3978.0,4698.0,3809.0,4426.0,3336.0,2716.0,2426.0,1882.0,1679.0,3952.0,1902.0,28413.0,22897.0,828,252,605,22,15,15,0,0.0,0.0,0.0,0.0,1.0,1.0,3.0,1.0,10.0,10.0,17.0,38.0,48.0,106.0,130.0,207.0,660.0,505.0,869.0,868.0,12790.0,335.0,1,8,2020,00:00:00
158,02-08-2020,2020-02-08 00:00:00,51463,18780,4455,26323,743,887,167,108,153,36984,1738,378.0,41.0,36148.0,856.0,999.0,1257.0,1104.0,4224.0,3653.0,4412.0,3993.0,4705.0,3819.0,4436.0,3345.0,2723.0,2427.0,1886.0,1681.0,3962.0,1905.0,28493.0,22970.0,828,252,606,22,15,15,0,0.0,0.0,0.0,0.0,1.0,1.0,3.0,1.0,10.0,10.0,17.0,38.0,48.0,107.0,130.0,207.0,660.0,505.0,869.0,869.0,12741.0,337.0,2,8,2020,00:00:00
159,03-08-2020,2020-03-08 00:00:00,51569,18797,4465,26389,745,892,168,113,106,37111,1738,390.0,42.0,36481.0,864.0,1000.0,1260.0,1106.0,4228.0,3664.0,4425.0,4002.0,4715.0,3827.0,4440.0,3353.0,2729.0,2431.0,1893.0,1686.0,3964.0,1906.0,28550.0,23019.0,828,252,606,22,15,15,0,0.0,0.0,0.0,0.0,1.0,1.0,3.0,1.0,10.0,10.0,17.0,38.0,48.0,107.0,130.0,207.0,660.0,505.0,869.0,869.0,12720.0,348.0,3,8,2020,00:00:00
160,04-08-2020,2020-04-08 00:00:00,51681,18816,4475,26457,746,901,169,117,112,37318,1739,401.0,44.0,36946.0,868.0,1003.0,1263.0,1112.0,4236.0,3671.0,4433.0,4011.0,4726.0,3838.0,4444.0,3357.0,2735.0,2442.0,1896.0,1690.0,3968.0,1910.0,28602.0,23079.0,829,252,606,22,15,15,0,0.0,0.0,0.0,0.0,1.0,1.0,3.0,1.0,10.0,10.0,17.0,38.0,48.0,107.0,131.0,207.0,660.0,505.0,870.0,869.0,12624.0,357.0,4,8,2020,00:00:00
161,05-08-2020,2020-05-08 00:00:00,51848,18854,4478,26573,753,902,170,118,167,37565,1740,384.0,41.0,37369.0,873.0,1010.0,1270.0,1121.0,4244.0,3685.0,4445.0,4026.0,4737.0,3852.0,4457.0,3372.0,2744.0,2453.0,1900.0,1696.0,3973.0,1912.0,28676.0,23172.0,829,252,607,22,15,15,0,0.0,0.0,0.0,0.0,1.0,1.0,3.0,1.0,10.0,10.0,17.0,39.0,48.0,107.0,131.0,207.0,660.0,505.0,870.0,870.0,12543.0,343.0,5,8,2020,00:00:00
162,06-08-2020,2020-06-08 00:00:00,52061,18891,4494,26720,762,905,170,119,213,37840,1743,369.0,42.0,37783.0,880.0,1013.0,1282.0,1128.0,4264.0,3703.0,4467.0,4041.0,4753.0,3861.0,4473.0,3387.0,2754.0,2460.0,1911.0,1701.0,3985.0,1920.0,28802.0,23259.0,831,252,608,22,15,15,0,0.0,0.0,0.0,0.0,1.0,1.0,3.0,1.0,10.0,10.0,17.0,40.0,48.0,107.0,131.0,208.0,660.0,506.0,870.0,873.0,12478.0,327.0,6,8,2020,00:00:00
163,07-08-2020,2020-07-08 00:00:00,52351,18952,4508,26928,761,911,170,121,290,38087,1746,356.0,36.0,37729.0,885.0,1016.0,1289.0,1141.0,4290.0,3729.0,4499.0,4061.0,4772.0,3874.0,4495.0,3400.0,2767.0,2469.0,1926.0,1712.0,4012.0,1936.0,28968.0,23383.0,831,252,611,22,15,15,0,0.0,0.0,0.0,0.0,1.0,1.0,3.0,1.0,10.0,10.0,17.0,40.0,48.0,107.0,133.0,208.0,660.0,507.0,872.0,874.0,12518.0,320.0,7,8,2020,00:00:00
164,08-08-2020,2020-08-08 00:00:00,52537,19001,4513,27041,762,926,172,122,186,38364,1750,357.0,33.0,37579.0,895.0,1022.0,1306.0,1145.0,4303.0,3746.0,4509.0,4078.0,4786.0,3893.0,4502.0,3412.0,2778.0,2482.0,1929.0,1717.0,4015.0,1941.0,29056.0,23481.0,831,253,613,22,16,15,0,0.0,0.0,0.0,0.0,1.0,1.0,3.0,1.0,10.0,10.0,17.0,40.0,48.0,108.0,134.0,209.0,660.0,508.0,873.0,877.0,12423.0,324.0,8,8,2020,00:00:00
165,09-08-2020,2020-09-08 00:00:00,52668,19049,4514,27110,764,929,179,123,131,38511,1756,366.0,33.0,37496.0,898.0,1024.0,1309.0,1152.0,4316.0,3757.0,4521.0,4087.0,4800.0,3900.0,4514.0,3423.0,2782.0,2490.0,1938.0,1723.0,4015.0,1941.0,29126.0,23542.0,832,253,617,22,17,15,0,0.0,0.0,0.0,0.0,1.0,1.0,3.0,1.0,10.0,10.0,17.0,40.0,48.0,108.0,134.0,211.0,661.0,511.0,874.0,882.0,12401.0,333.0,9,8,2020,00:00:00
166,10-08-2020,2020-10-08 00:00:00,52825,19094,4520,27209,767,931,181,123,157,38600,1759,374.0,29.0,37810.0,904.0,1030.0,1313.0,1156.0,4335.0,3773.0,4534.0,4097.0,4818.0,3913.0,4524.0,3437.0,2790.0,2495.0,1941.0,1726.0,4019.0,1942.0,29211.0,23614.0,832,253,620,22,17,15,0,0.0,0.0,0.0,0.0,1.0,1.0,3.0,1.0,10.0,10.0,17.0,40.0,48.0,109.0,134.0,211.0,661.0,513.0,874.0,885.0,12466.0,345.0,10,8,2020,00:00:00
167,11-08-2020,2020-11-08 00:00:00,52945,19128,4526,27281,770,934,183,123,120,38760,1761,365.0,35.0,37767.0,906.0,1033.0,1315.0,1159.0,4343.0,3789.0,4546.0,4114.0,4824.0,3924.0,4527.0,3444.0,2796.0,2497.0,1941.0,1731.0,4029.0,1948.0,29260.0,23685.0,834,253,620,22,17,15,0,0.0,0.0,0.0,0.0,1.0,1.0,3.0,1.0,10.0,10.0,17.0,40.0,48.0,109.0,134.0,211.0,661.0,515.0,874.0,887.0,12424.0,330.0,11,8,2020,00:00:00
168,12-08-2020,2020-12-08 00:00:00,53223,19217,4538,27441,780,938,184,125,278,38940,1764,367.0,40.0,36377.0,915.0,1040.0,1326.0,1166.0,4377.0,3811.0,4570.0,4140.0,4839.0,3946.0,4545.0,3459.0,2808.0,2510.0,1946.0,1743.0,4047.0,1959.0,29406.0,23817.0,836,253,621,22,17,15,0,0.0,0.0,0.0,0.0,1.0,1.0,3.0,1.0,10.0,10.0,17.0,40.0,48.0,109.0,134.0,211.0,664.0,515.0,877.0,887.0,12519.0,327.0,12,8,2020,00:00:00
169,13-08-2020,2020-08-13 00:00:00,53548,19301,4560,27645,786,946,184,126,325,39177,1770,358.0,39.0,36530.0,917.0,1044.0,1341.0,1174.0,4404.0,3836.0,4590.0,4170.0,4860.0,3971.0,4572.0,3480.0,2824.0,2524.0,1958.0,1754.0,4081.0,1972.0,29580.0,23968.0,838,253,625,22,17,15,0,0.0,0.0,0.0,0.0,1.0,1.0,3.0,1.0,10.0,10.0,17.0,40.0,48.0,109.0,135.0,212.0,666.0,517.0,880.0,890.0,12601.0,319.0,8,13,2020,00:00:00
170,14-08-2020,2020-08-14 00:00:00,53783,19353,4568,27794,799,957,184,128,235,39374,1772,348.0,41.0,36345.0,927.0,1059.0,1346.0,1187.0,4434.0,3873.0,4616.0,4187.0,4878.0,3987.0,4583.0,3490.0,2830.0,2534.0,1961.0,1757.0,4083.0,1976.0,29690.0,24093.0,838,253,627,22,17,15,0,0.0,0.0,0.0,0.0,1.0,1.0,3.0,1.0,10.0,10.0,17.0,40.0,49.0,109.0,135.0,212.0,666.0,518.0,881.0,891.0,12637.0,307.0,8,14,2020,00:00:00
171,15-08-2020,2020-08-15 00:00:00,53981,19419,4584,27888,812,965,184,129,198,39585,1775,320.0,37.0,36268.0,929.0,1069.0,1354.0,1195.0,4457.0,3888.0,4632.0,4200.0,4897.0,4017.0,4594.0,3503.0,2836.0,2542.0,1966.0,1759.0,4088.0,1979.0,29785.0,24196.0,839,253,629,22,17,15,0,0.0,0.0,0.0,0.0,1.0,1.0,3.0,1.0,10.0,10.0,17.0,40.0,49.0,109.0,135.0,212.0,668.0,519.0,883.0,892.0,12621.0,283.0,8,15,2020,00:00:00
172,16-08-2020,2020-08-16 00:00:00,54102,19473,4585,27931,823,975,185,130,121,39697,1778,325.0,39.0,35742.0,932.0,1073.0,1357.0,1199.0,4467.0,3897.0,4640.0,4214.0,4904.0,4028.0,4601.0,3515.0,2842.0,2550.0,1972.0,1761.0,4092.0,1982.0,29839.0,24263.0,840,253,631,22,17,15,0,0.0,0.0,0.0,0.0,1.0,1.0,3.0,1.0,10.0,11.0,17.0,40.0,49.0,110.0,135.0,212.0,668.0,520.0,883.0,895.0,12627.0,286.0,8,16,2020,00:00:00
173,17-08-2020,2020-08-17 00:00:00,54234,19514,4591,27997,836,980,186,130,132,39800,1779,336.0,39.0,35568.0,935.0,1077.0,1360.0,1205.0,4477.0,3906.0,4651.0,4225.0,4911.0,4045.0,4604.0,3528.0,2854.0,2553.0,1976.0,1766.0,4099.0,1986.0,29899.0,24335.0,840,253,632,22,17,15,0,0.0,0.0,0.0,0.0,1.0,1.0,3.0,1.0,10.0,11.0,17.0,40.0,49.0,110.0,135.0,212.0,668.0,521.0,883.0,896.0,12655.0,297.0,8,17,2020,00:00:00
174,18-08-2020,2020-08-18 00:00:00,54448,19572,4603,28125,844,983,187,134,214,39936,1784,336.0,38.0,35107.0,937.0,1080.0,1367.0,1209.0,4491.0,3923.0,4666.0,4243.0,4927.0,4061.0,4621.0,3546.0,2863.0,2562.0,1982.0,1771.0,4130.0,1993.0,30016.0,24432.0,840,253,637,22,17,15,0,0.0,0.0,0.0,0.0,1.0,1.0,3.0,1.0,10.0,11.0,17.0,40.0,49.0,110.0,136.0,212.0,672.0,521.0,888.0,896.0,12728.0,298.0,8,18,2020,00:00:00
175,19-08-2020,2020-08-19 00:00:00,54701,19637,4620,28284,851,987,187,135,253,40129,1786,329.0,35.0,34772.0,944.0,1080.0,1379.0,1214.0,4516.0,3944.0,4688.0,4270.0,4948.0,4087.0,4640.0,3557.0,2873.0,2574.0,1991.0,1779.0,4141.0,2000.0,30152.0,24549.0,840,253,639,22,17,15,0,1.0,0.0,0.0,0.0,1.0,1.0,3.0,1.0,10.0,11.0,17.0,40.0,49.0,110.0,136.0,212.0,672.0,522.0,889.0,897.0,12786.0,294.0,8,19,2020,00:00:00
176,20-08-2020,2020-08-20 00:00:00,54992,19730,4626,28454,863,996,188,135,291,40264,1788,334.0,39.0,34422.0,947.0,1085.0,1382.0,1227.0,4546.0,3969.0,4718.0,4297.0,4966.0,4116.0,4659.0,3574.0,2895.0,2593.0,1994.0,1793.0,4150.0,2005.0,30289.0,24703.0,841,253,640,22,17,15,0,1.0,0.0,0.0,0.0,1.0,1.0,3.0,1.0,10.0,11.0,17.0,40.0,49.0,110.0,136.0,213.0,672.0,523.0,889.0,899.0,12940.0,295.0,8,20,2020,00:00:00
177,21-08-2020,2020-08-21 00:00:00,55211,19793,4634,28579,868,1007,192,138,219,40473,1792,321.0,41.0,34233.0,954.0,1089.0,1385.0,1236.0,4566.0,3996.0,4740.0,4313.0,4978.0,4143.0,4673.0,3583.0,2909.0,2600.0,2002.0,1803.0,4156.0,2009.0,30395.0,24816.0,842,253,643,22,17,15,0,1.0,0.0,0.0,0.0,1.0,1.0,3.0,1.0,10.0,11.0,17.0,41.0,49.0,110.0,136.0,213.0,674.0,524.0,891.0,901.0,12946.0,280.0,8,21,2020,00:00:00
178,22-08-2020,2020-08-22 00:00:00,55452,19860,4648,28706,885,1014,199,140,241,40652,1794,316.0,42.0,34182.0,960.0,1095.0,1393.0,1240.0,4593.0,4017.0,4755.0,4340.0,4993.0,4163.0,4689.0,3600.0,2920.0,2614.0,2011.0,1806.0,4167.0,2019.0,30513.0,24939.0,842,253,645,22,17,15,0,1.0,0.0,0.0,0.0,1.0,1.0,3.0,1.0,10.0,11.0,17.0,41.0,49.0,110.0,136.0,214.0,674.0,525.0,891.0,903.0,13006.0,274.0,8,22,2020,00:00:00
179,23-08-2020,2020-08-23 00:00:00,55597,19929,4661,28753,887,1028,199,140,145,40774,1796,317.0,47.0,34413.0,967.0,1098.0,1395.0,1248.0,4616.0,4030.0,4772.0,4352.0,5000.0,4178.0,4699.0,3608.0,2922.0,2621.0,2015.0,1809.0,4172.0,2018.0,30590.0,25007.0,843,253,646,22,17,15,0,1.0,0.0,0.0,0.0,1.0,1.0,3.0,1.0,10.0,11.0,17.0,41.0,49.0,110.0,136.0,214.0,675.0,526.0,892.0,904.0,13027.0,270.0,8,23,2020,00:00:00
180,24-08-2020,2020-08-24 00:00:00,55720,19972,4669,28816,887,1034,202,140,123,40880,1801,321.0,44.0,34388.0,969.0,1099.0,1399.0,1254.0,4627.0,4045.0,4786.0,4363.0,5014.0,4180.0,4705.0,3613.0,2929.0,2625.0,2019.0,1812.0,4182.0,2022.0,30662.0,25058.0,845,253,649,22,17,15,0,1.0,0.0,0.0,0.0,1.0,1.0,3.0,1.0,10.0,11.0,17.0,41.0,49.0,110.0,136.0,217.0,677.0,526.0,894.0,907.0,13039.0,277.0,8,24,2020,00:00:00
181,25-08-2020,2020-08-25 00:00:00,55912,20021,4677,28932,898,1039,204,141,192,41021,1805,325.0,41.0,33821.0,975.0,1107.0,1405.0,1258.0,4641.0,4059.0,4803.0,4380.0,5031.0,4199.0,4716.0,3620.0,2943.0,2636.0,2026.0,1818.0,4189.0,2029.0,30761.0,25151.0,846,253,652,22,17,15,0,1.0,0.0,0.0,0.0,1.0,1.0,3.0,1.0,10.0,11.0,17.0,41.0,49.0,110.0,137.0,219.0,677.0,527.0,895.0,910.0,13086.0,284.0,8,25,2020,00:00:00
182,26-08-2020,2020-08-26 00:00:00,56274,20130,4702,29146,906,1044,205,141,362,41184,1807,311.0,38.0,33782.0,981.0,1113.0,1417.0,1265.0,4690.0,4081.0,4842.0,4401.0,5065.0,4209.0,4743.0,3639.0,2964.0,2656.0,2047.0,1826.0,4217.0,2040.0,30998.0,25276.0,846,253,654,22,17,15,0,1.0,0.0,0.0,0.0,1.0,1.0,3.0,1.0,10.0,11.0,17.0,41.0,49.0,110.0,137.0,219.0,678.0,528.0,896.0,911.0,13283.0,273.0,8,26,2020,00:00:00
183,27-08-2020,2020-08-27 00:00:00,56671,20291,4728,29332,912,1052,208,148,397,41357,1809,317.0,35.0,1809.0,988.0,1120.0,1433.0,1285.0,4732.0,4125.0,4879.0,4431.0,5102.0,4232.0,4766.0,3663.0,2980.0,2677.0,2063.0,1838.0,4234.0,2047.0,31209.0,25464.0,846,253,656,22,17,15,0,1.0,0.0,0.0,0.0,1.0,1.0,3.0,1.0,10.0,11.0,17.0,41.0,49.0,110.0,137.0,219.0,679.0,529.0,897.0,912.0,13507.0,282.0,8,27,2020,00:00:00
184,28-08-2020,2020-08-28 00:00:00,57074,20457,4757,29514,923,1062,208,153,403,41556,1815,334.0,38.0,33930.0,998.0,1133.0,1455.0,1301.0,4761.0,4161.0,4911.0,4473.0,5149.0,4255.0,4810.0,3685.0,2997.0,2694.0,2072.0,1846.0,4243.0,2052.0,31428.0,25646.0,848,253,660,22,17,15,0,1.0,0.0,0.0,0.0,1.0,1.0,3.0,1.0,10.0,11.0,17.0,41.0,49.0,110.0,138.0,220.0,681.0,531.0,900.0,915.0,13703.0,296.0,8,28,2020,00:00:00
185,29-08-2020,2020-08-29 00:00:00,57448,20614,4780,29663,926,1099,209,157,374,41766,1818,324.0,40.0,33965.0,1008.0,1149.0,1464.0,1318.0,4788.0,4220.0,4954.0,4497.0,5185.0,4283.0,4835.0,3705.0,3014.0,2709.0,2076.0,1851.0,4255.0,2059.0,31611.0,25837.0,848,253,663,22,17,15,0,1.0,0.0,0.0,0.0,1.0,1.0,3.0,1.0,10.0,11.0,17.0,41.0,49.0,110.0,138.0,220.0,683.0,532.0,902.0,916.0,13864.0,284.0,8,29,2020,00:00:00
186,30-08-2020,2020-08-30 00:00:00,57768,20776,4800,29784,937,1105,209,157,320,41885,1819,341.0,41.0,34258.0,1009.0,1154.0,1471.0,1332.0,4827.0,4251.0,4990.0,4513.0,5216.0,4300.0,4860.0,3720.0,3025.0,2720.0,2087.0,1862.0,4281.0,2068.0,31800.0,25968.0,849,253,663,22,17,15,0,1.0,0.0,0.0,0.0,1.0,1.0,3.0,1.0,10.0,11.0,17.0,41.0,49.0,110.0,139.0,220.0,683.0,532.0,903.0,916.0,14064.0,300.0,8,30,2020,00:00:00
187,31-08-2020,2020-08-31 00:00:00,58012,20859,4807,29921,944,1112,212,157,244,41961,1822,349.0,41.0,34196.0,1013.0,1158.0,1473.0,1337.0,4837.0,4265.0,5015.0,4527.0,5235.0,4320.0,4883.0,3735.0,3036.0,2744.0,2099.0,1872.0,4304.0,2077.0,31929.0,26083.0,849,253,666,22,17,15,0,1.0,0.0,0.0,0.0,1.0,1.0,3.0,1.0,10.0,11.0,17.0,41.0,49.0,110.0,139.0,220.0,684.0,534.0,904.0,918.0,14229.0,308.0,8,31,2020,00:00:00
188,01-09-2020,2020-01-09 00:00:00,58243,20941,4830,30040,947,1112,213,160,231,42104,1824,350.0,44.0,33998.0,1016.0,1169.0,1481.0,1343.0,4865.0,4298.0,5030.0,4542.0,5255.0,4332.0,4902.0,3746.0,3053.0,2750.0,2105.0,1879.0,4312.0,2083.0,32053.0,26190.0,849,253,668,22,17,15,0,1.0,0.0,0.0,0.0,1.0,1.0,3.0,1.0,10.0,11.0,17.0,41.0,49.0,110.0,139.0,220.0,685.0,535.0,905.0,919.0,14315.0,306.0,1,9,2020,00:00:00
189,02-09-2020,2020-02-09 00:00:00,58633,21125,4853,30208,949,1123,214,161,390,42233,1827,337.0,41.0,33914.0,1026.0,1179.0,1497.0,1356.0,4912.0,4332.0,5067.0,4573.0,5279.0,4360.0,4930.0,3771.0,3075.0,2768.0,2112.0,1889.0,4329.0,2096.0,32261.0,26372.0,849,253,671,22,17,15,0,1.0,0.0,0.0,0.0,1.0,1.0,3.0,1.0,10.0,11.0,17.0,41.0,49.0,110.0,140.0,222.0,685.0,535.0,906.0,921.0,14573.0,296.0,2,9,2020,00:00:00
190,03-09-2020,2020-03-09 00:00:00,59051,21302,4860,30415,952,1141,216,165,418,42427,1829,334.0,44.0,34197.0,1034.0,1191.0,1512.0,1367.0,4945.0,4371.0,5105.0,4609.0,5312.0,4391.0,4945.0,3807.0,3099.0,2796.0,2128.0,1902.0,4345.0,2110.0,32459.0,26592.0,849,253,673,22,17,15,0,1.0,0.0,0.0,0.0,1.0,1.0,3.0,1.0,10.0,11.0,17.0,41.0,50.0,110.0,140.0,222.0,686.0,535.0,908.0,921.0,14795.0,290.0,3,9,2020,00:00:00
191,04-09-2020,2020-04-09 00:00:00,59457,21454,4903,30609,959,1150,216,166,406,42576,1833,339.0,40.0,34266.0,1047.0,1196.0,1529.0,1376.0,4986.0,4405.0,5135.0,4638.0,5350.0,4417.0,4981.0,3832.0,3118.0,2812.0,2144.0,1916.0,4374.0,2119.0,32698.0,26759.0,849,253,677,22,17,15,0,1.0,0.0,0.0,0.0,1.0,1.0,3.0,1.0,10.0,11.0,17.0,41.0,50.0,110.0,143.0,222.0,687.0,535.0,912.0,921.0,15048.0,299.0,4,9,2020,00:00:00
192,05-09-2020,2020-05-09 00:00:00,59943,21654,4942,30839,964,1159,215,170,486,42793,1838,345.0,41.0,34201.0,1068.0,1211.0,1553.0,1398.0,5028.0,4443.0,5177.0,4668.0,5399.0,4451.0,5007.0,3862.0,3143.0,2838.0,2159.0,1929.0,4390.0,2137.0,32958.0,26985.0,849,254,681,22,17,15,0,1.0,0.0,0.0,0.0,1.0,1.0,3.0,1.0,10.0,11.0,17.0,41.0,50.0,110.0,144.0,223.0,688.0,537.0,914.0,924.0,15312.0,304.0,5,9,2020,00:00:00
193,06-09-2020,2020-06-09 00:00:00,60258,21797,4961,30963,985,1165,217,170,315,42953,1840,354.0,43.0,34240.0,1073.0,1218.0,1568.0,1412.0,5048.0,4471.0,5207.0,4684.0,5426.0,4469.0,5033.0,3875.0,3157.0,2852.0,2169.0,1940.0,4415.0,2159.0,33130.0,27128.0,849,254,683,22,17,15,0,1.0,0.0,0.0,0.0,1.0,1.0,3.0,1.0,10.0,11.0,17.0,41.0,50.0,110.0,145.0,224.0,688.0,537.0,915.0,925.0,15465.0,311.0,6,9,2020,00:00:00
194,07-09-2020,2020-07-09 00:00:00,60507,21930,4978,31048,987,1168,224,172,249,43016,1843,381.0,49.0,34336.0,1075.0,1226.0,1578.0,1423.0,5064.0,4487.0,5226.0,4709.0,5446.0,4483.0,5052.0,3884.0,3167.0,2871.0,2174.0,1952.0,4425.0,2163.0,33252.0,27255.0,849,254,686,22,17,15,0,1.0,0.0,0.0,0.0,1.0,1.0,3.0,1.0,10.0,11.0,17.0,41.0,50.0,110.0,145.0,224.0,691.0,537.0,918.0,925.0,15648.0,332.0,7,9,2020,00:00:00
195,08-09-2020,2020-08-09 00:00:00,60895,22049,5004,31273,998,1171,227,173,388,43146,1846,394.0,50.0,34466.0,1082.0,1243.0,1596.0,1436.0,5095.0,4518.0,5260.0,4728.0,5475.0,4506.0,5085.0,3908.0,3193.0,2898.0,2185.0,1967.0,4441.0,2176.0,33458.0,27437.0,851,254,687,22,17,15,0,1.0,0.0,0.0,0.0,1.0,1.0,3.0,1.0,10.0,11.0,17.0,41.0,50.0,110.0,145.0,225.0,692.0,538.0,919.0,927.0,15903.0,344.0,8,9,2020,00:00:00
196,09-09-2020,2020-09-09 00:00:00,61541,22325,5044,31563,1021,1186,228,174,646,43284,1849,391.0,52.0,35151.0,1102.0,1259.0,1635.0,1460.0,5157.0,4581.0,5312.0,4769.0,5530.0,4554.0,5135.0,3944.0,3218.0,2937.0,2206.0,1991.0,4456.0,2192.0,33797.0,27744.0,852,254,689,22,17,15,0,1.0,0.0,0.0,0.0,1.0,1.0,3.0,1.0,10.0,11.0,17.0,41.0,50.0,110.0,145.0,226.0,692.0,540.0,919.0,930.0,16408.0,339.0,9,9,2020,00:00:00
197,10-09-2020,2020-10-09 00:00:00,62126,22593,5094,31802,1036,1192,229,180,585,43441,1852,406.0,57.0,35181.0,1123.0,1268.0,1654.0,1481.0,5202.0,4624.0,5377.0,4827.0,5573.0,4591.0,5180.0,3984.0,3256.0,2965.0,2221.0,2005.0,4468.0,2204.0,34109.0,28017.0,852,254,692,22,17,15,0,1.0,0.0,0.0,0.0,1.0,1.0,3.0,1.0,10.0,11.0,17.0,41.0,50.0,111.0,146.0,227.0,692.0,540.0,920.0,932.0,16833.0,349.0,10,9,2020,00:00:00
198,11-09-2020,2020-11-09 00:00:00,62813,22819,5154,32170,1048,1207,234,181,687,43644,1855,404.0,54.0,35712.0,1135.0,1285.0,1678.0,1508.0,5270.0,4679.0,5426.0,4889.0,5637.0,4641.0,5233.0,4031.0,3283.0,3012.0,2238.0,2023.0,4497.0,2224.0,34453.0,28360.0,852,254,694,22,18,15,0,1.0,0.0,0.0,0.0,1.0,1.0,3.0,1.0,10.0,12.0,17.0,41.0,50.0,112.0,146.0,227.0,692.0,541.0,920.0,935.0,17314.0,350.0,11,9,2020,00:00:00
199,12-09-2020,2020-12-09 00:00:00,63310,22997,5193,32413,1074,1214,236,183,497,43894,1860,438.0,59.0,36055.0,1148.0,1300.0,1702.0,1535.0,5320.0,4727.0,5461.0,4930.0,5668.0,4682.0,5279.0,4057.0,3305.0,3039.0,2249.0,2030.0,4514.0,2240.0,34702.0,28608.0,853,254,698,22,18,15,0,1.0,0.0,0.0,0.0,1.0,1.0,3.0,1.0,10.0,12.0,17.0,41.0,51.0,112.0,148.0,228.0,693.0,541.0,924.0,936.0,17556.0,379.0,12,9,2020,00:00:00
200,13-09-2020,2020-09-13 00:00:00,63983,23233,5228,32732,1134,1234,238,184,673,44069,1867,452.0,57.0,36398.0,1169.0,1322.0,1728.0,1554.0,5406.0,4806.0,5516.0,4977.0,5720.0,4725.0,5314.0,4085.0,3326.0,3058.0,2273.0,2042.0,4578.0,2258.0,35089.0,28894.0,854,254,704,22,18,15,0,1.0,0.0,0.0,0.0,1.0,1.0,3.0,1.0,10.0,12.0,17.0,41.0,51.0,112.0,148.0,229.0,695.0,545.0,926.0,941.0,18047.0,395.0,9,13,2020,00:00:00
201,14-09-2020,2020-09-14 00:00:00,64596,23411,5279,33070,1161,1244,239,192,613,44185,1871,477.0,61.0,36758.0,1182.0,1342.0,1752.0,1575.0,5467.0,4863.0,5573.0,5020.0,5774.0,4764.0,5374.0,4127.0,3359.0,3085.0,2288.0,2061.0,4601.0,2263.0,35429.0,29167.0,857,254,705,22,18,15,0,1.0,0.0,0.0,0.0,1.0,1.0,3.0,1.0,10.0,12.0,17.0,41.0,51.0,112.0,148.0,229.0,698.0,546.0,929.0,942.0,18540.0,416.0,9,14,2020,00:00:00
202,15-09-2020,2020-09-15 00:00:00,65021,23528,5330,33297,1175,1259,240,192,425,44362,1875,478.0,59.0,36955.0,1187.0,1358.0,1763.0,1591.0,5513.0,4899.0,5607.0,5049.0,5807.0,4791.0,5396.0,4152.0,3383.0,3110.0,2301.0,2077.0,4628.0,2283.0,35644.0,29377.0,859,254,706,22,19,15,0,1.0,0.0,0.0,0.0,1.0,1.0,3.0,1.0,10.0,12.0,17.0,41.0,51.0,112.0,148.0,229.0,699.0,549.0,930.0,945.0,18784.0,419.0,9,15,2020,00:00:00
203,16-09-2020,2020-09-16 00:00:00,65626,23729,5383,33587,1217,1277,240,193,605,44528,1878,482.0,61.0,37287.0,1203.0,1374.0,1783.0,1604.0,5573.0,4931.0,5664.0,5099.0,5865.0,4837.0,5442.0,4198.0,3423.0,3131.0,2319.0,2092.0,4646.0,2290.0,35989.0,29637.0,859,254,709,22,19,15,0,1.0,0.0,0.0,0.0,1.0,1.0,3.0,1.0,10.0,12.0,17.0,41.0,51.0,112.0,148.0,229.0,699.0,552.0,930.0,948.0,19220.0,421.0,9,16,2020,00:00:00
204,17-09-2020,2020-09-17 00:00:00,66396,23984,5480,33960,1231,1304,241,196,770,44794,1888,480.0,59.0,37804.0,1216.0,1392.0,1815.0,1635.0,5637.0,4980.0,5742.0,5178.0,5960.0,4892.0,5507.0,4248.0,3453.0,3164.0,2343.0,2109.0,4662.0,2307.0,36409.0,29987.0,864,256,711,23,19,15,0,1.0,0.0,0.0,0.0,1.0,1.0,3.0,1.0,10.0,12.0,17.0,41.0,51.0,113.0,148.0,230.0,705.0,554.0,936.0,952.0,19714.0,421.0,9,17,2020,00:00:00
205,18-09-2020,2020-09-18 00:00:00,67176,24234,5526,34386,1267,1324,241,198,780,45053,1894,465.0,57.0,38721.0,1242.0,1414.0,1844.0,1664.0,5719.0,5043.0,5810.0,5240.0,6014.0,4944.0,5569.0,4304.0,3498.0,3207.0,2371.0,2137.0,4696.0,2322.0,36828.0,30348.0,864,256,717,23,19,15,0,1.0,0.0,0.0,0.0,1.0,1.0,3.0,1.0,10.0,13.0,18.0,41.0,51.0,114.0,148.0,230.0,706.0,556.0,938.0,956.0,20229.0,408.0,9,18,2020,00:00:00
206,19-09-2020,2020-09-19 00:00:00,68025,24522,5592,34825,1283,1359,241,203,849,45404,1899,497.0,64.0,39388.0,1266.0,1433.0,1879.0,1697.0,5807.0,5114.0,5879.0,5314.0,6101.0,5013.0,5636.0,4361.0,3543.0,3243.0,2394.0,2157.0,4724.0,2331.0,37290.0,30735.0,868,256,718,23,19,15,0,1.0,0.0,0.0,0.0,1.0,1.0,3.0,1.0,10.0,13.0,18.0,41.0,51.0,114.0,149.0,230.0,708.0,558.0,941.0,958.0,20722.0,433.0,9,19,2020,00:00:00
207,20-09-2020,2020-09-20 00:00:00,68577,24795,5621,35004,1318,1392,243,204,552,45596,1912,511.0,63.0,39362.0,1278.0,1441.0,1915.0,1722.0,5846.0,5154.0,5921.0,5352.0,6143.0,5054.0,5680.0,4387.0,3569.0,3269.0,2419.0,2179.0,4750.0,2345.0,37592.0,30985.0,871,256,728,23,19,15,0,1.0,0.0,0.0,0.0,1.0,1.0,3.0,1.0,10.0,13.0,18.0,41.0,52.0,115.0,150.0,231.0,714.0,561.0,949.0,963.0,21069.0,448.0,9,20,2020,00:00:00
208,21-09-2020,2020-09-21 00:00:00,69200,24908,5651,35443,1340,1401,252,205,623,45736,1920,518.0,61.0,40465.0,1293.0,1461.0,1945.0,1748.0,5897.0,5209.0,5984.0,5414.0,6201.0,5109.0,5715.0,4428.0,3591.0,3292.0,2438.0,2193.0,4776.0,2352.0,37912.0,31288.0,875,257,731,23,19,15,0,1.0,0.0,0.0,0.0,1.0,1.0,3.0,1.0,10.0,13.0,18.0,41.0,52.0,116.0,150.0,234.0,716.0,563.0,951.0,969.0,21544.0,457.0,9,21,2020,00:00:00
209,22-09-2020,2020-09-22 00:00:00,69663,25099,5687,35641,1352,1422,254,208,463,45974,1925,546.0,70.0,40418.0,1305.0,1479.0,1965.0,1759.0,5931.0,5236.0,6018.0,5450.0,6239.0,5156.0,5748.0,4455.0,3622.0,3318.0,2457.0,2207.0,4796.0,2371.0,38152.0,31511.0,877,257,734,23,19,15,0,1.0,0.0,0.0,0.0,1.0,1.0,3.0,1.0,10.0,13.0,18.0,41.0,52.0,116.0,150.0,235.0,718.0,565.0,953.0,972.0,21764.0,476.0,9,22,2020,00:00:00
210,23-09-2020,2020-09-23 00:00:00,70465,25339,5760,36078,1371,1450,257,210,802,46290,1928,571.0,77.0,40765.0,1328.0,1500.0,1995.0,1795.0,6009.0,5293.0,6097.0,5516.0,6304.0,5199.0,5812.0,4502.0,3661.0,3350.0,2488.0,2235.0,4833.0,2398.0,38600.0,31865.0,877,257,737,23,19,15,0,1.0,0.0,0.0,0.0,1.0,1.0,3.0,1.0,10.0,13.0,18.0,41.0,52.0,116.0,150.0,235.0,718.0,568.0,953.0,975.0,22247.0,494.0,9,23,2020,00:00:00
211,24-09-2020,2020-09-24 00:00:00,71156,25606,5833,36399,1382,1466,259,211,691,46676,1931,588.0,85.0,41696.0,1348.0,1517.0,2029.0,1822.0,6054.0,5342.0,6145.0,5561.0,6371.0,5259.0,5865.0,4558.0,3696.0,3387.0,2516.0,2263.0,4861.0,2411.0,38959.0,32197.0,877,258,739,23,19,15,0,1.0,0.0,0.0,0.0,1.0,1.0,3.0,1.0,10.0,13.0,18.0,41.0,53.0,116.0,150.0,235.0,719.0,569.0,955.0,976.0,22549.0,503.0,9,24,2020,00:00:00
212,25-09-2020,2020-09-25 00:00:00,72055,25869,5885,36904,1412,1513,261,211,899,47003,1936,624.0,86.0,42785.0,1379.0,1549.0,2062.0,1856.0,6114.0,5431.0,6228.0,5627.0,6446.0,5321.0,5949.0,4615.0,3741.0,3432.0,2543.0,2291.0,4891.0,2431.0,39425.0,32630.0,878,259,742,23,19,15,0,1.0,0.0,0.0,0.0,1.0,1.0,3.0,1.0,10.0,13.0,18.0,41.0,53.0,116.0,151.0,235.0,721.0,571.0,958.0,978.0,23116.0,538.0,9,25,2020,00:00:00
213,26-09-2020,2020-09-26 00:00:00,72939,26161,5947,37376,1432,1543,266,214,884,47380,1944,615.0,85.0,43583.0,1403.0,1577.0,2107.0,1886.0,6184.0,5499.0,6305.0,5699.0,6518.0,5375.0,6003.0,4673.0,3776.0,3470.0,2581.0,2313.0,4963.0,2458.0,39912.0,33027.0,879,260,748,23,19,15,0,1.0,0.0,0.0,0.0,1.0,1.0,3.0,1.0,10.0,13.0,18.0,41.0,55.0,116.0,151.0,235.0,726.0,572.0,965.0,979.0,23615.0,530.0,9,26,2020,00:00:00
214,27-09-2020,2020-09-27 00:00:00,73604,26407,6017,37628,1487,1581,267,217,665,47647,1953,635.0,89.0,44274.0,1417.0,1600.0,2128.0,1918.0,6241.0,5558.0,6367.0,5747.0,6563.0,5423.0,6039.0,4720.0,3806.0,3498.0,2600.0,2339.0,4978.0,2470.0,40233.0,33371.0,881,262,753,23,19,15,0,1.0,0.0,0.0,0.0,1.0,1.0,3.0,1.0,10.0,13.0,18.0,41.0,55.0,116.0,151.0,236.0,730.0,576.0,969.0,984.0,24004.0,546.0,9,27,2020,00:00:00
215,28-09-2020,2020-09-28 00:00:00,74029,26575,6060,37816,1494,1600,267,217,425,47884,1957,659.0,98.0,44171.0,1437.0,1609.0,2153.0,1933.0,6274.0,5582.0,6409.0,5786.0,6610.0,5448.0,6059.0,4750.0,3826.0,3515.0,2619.0,2352.0,4996.0,2480.0,40476.0,33553.0,884,262,754,23,19,15,0,1.0,0.0,0.0,0.0,1.0,1.0,3.0,1.0,10.0,13.0,18.0,41.0,55.0,116.0,151.0,237.0,733.0,576.0,972.0,985.0,24188.0,561.0,9,28,2020,00:00:00
216,29-09-2020,2020-09-29 00:00:00,74717,26735,6076,38294,1499,1622,269,222,688,48193,1963,661.0,99.0,44231.0,1460.0,1623.0,2180.0,1952.0,6334.0,5653.0,6472.0,5838.0,6659.0,5503.0,6090.0,4798.0,3852.0,3552.0,2643.0,2377.0,5030.0,2511.0,40812.0,33905.0,884,263,759,23,19,15,0,1.0,0.0,0.0,0.0,1.0,1.0,3.0,1.0,10.0,13.0,18.0,41.0,55.0,116.0,151.0,238.0,737.0,577.0,976.0,987.0,24561.0,562.0,9,29,2020,00:00:00
217,30-09-2020,2020-09-30 00:00:00,75542,27029,6158,38692,1502,1663,274,224,825,48530,1971,666.0,105.0,44758.0,1480.0,1657.0,2225.0,1991.0,6407.0,5708.0,6544.0,5898.0,6732.0,5556.0,6154.0,4849.0,3884.0,3592.0,2677.0,2400.0,5069.0,2529.0,41264.0,34278.0,886,263,765,23,19,15,0,1.0,0.0,0.0,0.0,1.0,1.0,3.0,1.0,10.0,13.0,18.0,41.0,56.0,116.0,151.0,238.0,743.0,578.0,983.0,988.0,25041.0,561.0,9,30,2020,00:00:00
218,01-10-2020,2020-01-10 00:00:00,76396,27369,6212,39107,1510,1693,275,230,854,48937,1977,682.0,107.0,45184.0,1507.0,1683.0,2263.0,2038.0,6468.0,5773.0,6622.0,5940.0,6827.0,5608.0,6202.0,4909.0,3923.0,3633.0,2709.0,2423.0,5115.0,2556.0,41731.0,34665.0,887,263,770,23,19,15,0,1.0,0.0,0.0,0.0,1.0,1.0,1.0,1.0,10.0,13.0,19.0,41.0,56.0,116.0,152.0,239.0,745.0,579.0,987.0,990.0,25482.0,575.0,1,10,2020,00:00:00
219,02-10-2020,2020-02-10 00:00:00,77284,27732,6294,39488,1512,1743,280,235,888,49359,1983,682.0,107.0,45613.0,1529.0,1712.0,2310.0,2076.0,6541.0,5835.0,6697.0,5997.0,6897.0,5682.0,6272.0,4961.0,3971.0,3669.0,2737.0,2453.0,5174.0,2573.0,42224.0,35060.0,888,263,775,23,19,15,0,1.0,0.0,0.0,0.0,1.0,1.0,3.0,1.0,10.0,13.0,19.0,41.0,56.0,116.0,153.0,240.0,747.0,581.0,990.0,993.0,25942.0,575.0,2,10,2020,00:00:00
220,03-10-2020,2020-03-10 00:00:00,78247,28094,6354,39928,1555,1792,282,242,963,49845,1995,668.0,106.0,46228.0,1560.0,1741.0,2348.0,2113.0,6627.0,5919.0,6784.0,6063.0,6975.0,5745.0,6355.0,5001.0,4016.0,3715.0,2769.0,2487.0,5227.0,2598.0,42760.0,35487.0,891,265,781,24,19,15,0,1.0,0.0,0.0,0.0,1.0,1.0,3.0,1.0,10.0,13.0,19.0,42.0,56.0,116.0,154.0,243.0,751.0,584.0,995.0,1000.0,26407.0,562.0,3,10,2020,00:00:00
221,04-10-2020,2020-04-10 00:00:00,79151,28584,6423,40244,1566,1807,284,243,904,50207,2005,682.0,105.0,46348.0,1589.0,1777.0,2400.0,2150.0,6690.0,5981.0,6854.0,6117.0,7058.0,5800.0,6427.0,5065.0,4062.0,3751.0,2803.0,2511.0,5295.0,2622.0,43275.0,35876.0,893,265,789,24,19,15,0,1.0,0.0,0.0,0.0,1.0,1.0,3.0,1.0,10.0,13.0,19.0,43.0,57.0,117.0,155.0,244.0,755.0,585.0,1001.0,1004.0,26939.0,577.0,4,10,2020,00:00:00
222,05-10-2020,2020-05-10 00:00:00,79885,28882,6468,40600,1572,1832,285,246,734,50454,2018,701.0,106.0,46272.0,1605.0,1797.0,2424.0,2174.0,6757.0,6032.0,6904.0,6178.0,7135.0,5854.0,6486.0,5113.0,4100.0,3795.0,2819.0,2541.0,5335.0,2636.0,43662.0,36223.0,896,267,796,25,19,15,0,0.0,0.0,0.0,0.0,0.0,0.0,0.0,0.0,0.0,0.0,0.0,0.0,0.0,0.0,0.0,0.0,0.0,0.0,0.0,0.0,27413.0,595.0,5,10,2020,00:00:00
223,06-10-2020,2020-06-10 00:00:00,80312,29113,6503,40731,1587,1841,286,251,427,50712,2032,732.0,104.0,46437.0,1610.0,1806.0,2436.0,2186.0,6795.0,6081.0,6943.0,6208.0,7182.0,5885.0,6516.0,5144.0,4118.0,3815.0,2834.0,2554.0,5352.0,2647.0,43883.0,36429.0,899,268,806,25,19,15,0,1.0,0.0,0.0,0.0,1.0,1.0,3.0,1.0,10.0,13.0,19.0,43.0,60.0,118.0,156.0,246.0,764.0,596.0,1014.0,1018.0,27568.0,628.0,6,10,2020,00:00:00
224,07-10-2020,2020-07-10 00:00:00,81256,29469,6561,41225,1595,1862,287,257,944,51037,2040,764.0,104.0,46023.0,1630.0,1833.0,2463.0,2221.0,6882.0,6162.0,7029.0,6273.0,7264.0,5965.0,6582.0,5198.0,4171.0,3869.0,2871.0,2590.0,5382.0,2671.0,44371.0,36885.0,900,269,811,25,20,15,0,1.0,0.0,0.0,0.0,1.0,1.0,3.0,2.0,10.0,13.0,19.0,44.0,60.0,118.0,156.0,246.0,767.0,599.0,1017.0,1023.0,28179.0,660.0,7,10,2020,00:00:00
225,08-10-2020,2020-08-10 00:00:00,82534,30111,6662,41707,1604,1892,291,267,1278,51517,2050,801.0,115.0,46182.0,1661.0,1878.0,2519.0,2277.0,6987.0,6276.0,7141.0,6371.0,7379.0,6069.0,6675.0,5281.0,4234.0,3930.0,2899.0,2623.0,5428.0,2706.0,45020.0,37514.0,905,271,814,25,20,15,0,1.0,0.0,0.0,0.0,1.0,1.0,3.0,2.0,10.0,13.0,19.0,44.0,60.0,118.0,156.0,247.0,770.0,605.0,1020.0,1030.0,28967.0,686.0,8,10,2020,00:00:00
226,09-10-2020,2020-09-10 00:00:00,83928,30800,6758,42266,1615,1923,294,272,1394,52164,2062,811.0,125.0,47721.0,1689.0,1908.0,2581.0,2345.0,7127.0,6411.0,7255.0,6469.0,7528.0,6187.0,6791.0,5361.0,4298.0,3996.0,2931.0,2653.0,5464.0,2733.0,45762.0,38166.0,908,272,822,25,20,15,0,1.0,0.0,0.0,0.0,1.0,1.0,3.0,2.0,10.0,13.0,19.0,44.0,61.0,118.0,156.0,247.0,779.0,607.0,1030.0,1032.0,29702.0,686.0,9,10,2020,00:00:00
227,10-10-2020,2020-10-10 00:00:00,85574,31720,6913,42812,1623,1931,296,279,1646,52803,2067,831.0,122.0,47602.0,1720.0,1935.0,2677.0,2439.0,7292.0,6562.0,7388.0,6609.0,7674.0,6291.0,6925.0,5458.0,4381.0,4071.0,2987.0,2695.0,5508.0,2777.0,46641.0,38933.0,910,272,824,25,21,15,0,1.0,0.0,0.0,0.0,1.0,1.0,3.0,2.0,10.0,13.0,19.0,45.0,61.0,118.0,157.0,247.0,781.0,608.0,1033.0,1034.0,30704.0,709.0,10,10,2020,00:00:00
228,11-10-2020,2020-11-10 00:00:00,86664,32345,6995,43141,1630,1974,295,284,1090,53187,2080,843.0,124.0,48413.0,1735.0,1951.0,2725.0,2488.0,7412.0,6666.0,7475.0,6693.0,7772.0,6343.0,7021.0,5515.0,4430.0,4113.0,3027.0,2731.0,5576.0,2805.0,47263.0,39401.0,916,272,830,26,21,15,0,1.0,0.0,0.0,0.0,1.0,1.0,3.0,2.0,10.0,13.0,20.0,45.0,61.0,118.0,157.0,248.0,786.0,614.0,1039.0,1041.0,31397.0,719.0,11,10,2020,00:00:00
229,12-10-2020,2020-12-10 00:00:00,87913,32947,7082,43646,1645,2001,298,294,1249,53498,2094,877.0,128.0,48844.0,1764.0,1986.0,2784.0,2543.0,7552.0,6802.0,7590.0,6776.0,7877.0,6420.0,7098.0,5583.0,4485.0,4158.0,3065.0,2771.0,5636.0,2837.0,47941.0,39972.0,924,272,836,26,21,15,0,1.0,0.0,0.0,0.0,1.0,1.0,3.0,2.0,10.0,13.0,20.0,45.0,61.0,118.0,158.0,252.0,792.0,617.0,1046.0,1048.0,32321.0,749.0,12,10,2020,00:00:00
230,13-10-2020,2020-10-13 00:00:00,89121,33660,7176,43986,1677,2025,300,297,1208,54047,2110,916.0,132.0,50291.0,1790.0,2013.0,2818.0,2590.0,7664.0,6908.0,7685.0,6872.0,7977.0,6522.0,7197.0,5665.0,4550.0,4214.0,3106.0,2813.0,5678.0,2874.0,48555.0,40566.0,929,273,846,26,21,15,0,1.0,0.0,0.0,0.0,1.0,1.0,3.0,2.0,10.0,13.0,20.0,45.0,61.0,119.0,159.0,255.0,798.0,622.0,1053.0,1057.0,32964.0,784.0,10,13,2020,00:00:00
231,14-10-2020,2020-10-14 00:00:00,91193,34661,7348,44788,1724,2067,305,300,2072,54493,2117,957.0,135.0,50544.0,1839.0,2058.0,2913.0,2695.0,7863.0,7093.0,7860.0,7013.0,8165.0,6680.0,7365.0,5792.0,4649.0,4309.0,3165.0,2872.0,5752.0,2927.0,49660.0,41533.0,932,273,850,26,21,15,0,1.0,0.0,0.0,0.0,1.0,1.0,3.0,2.0,10.0,13.0,20.0,45.0,61.0,120.0,159.0,256.0,801.0,624.0,1056.0,1061.0,34583.0,822.0,10,14,2020,00:00:00
232,15-10-2020,2020-10-15 00:00:00,93294,35807,7511,45521,1764,2080,306,305,2101,55081,2128,993.0,139.0,51601.0,1882.0,2098.0,3013.0,2785.0,8088.0,7317.0,8030.0,7185.0,8362.0,6849.0,7509.0,5930.0,4740.0,4389.0,3220.0,2918.0,5831.0,2968.0,50762.0,42532.0,934,275,857,26,21,15,0,1.0,0.0,0.0,0.0,1.0,1.0,3.0,2.0,10.0,14.0,21.0,45.0,61.0,120.0,159.0,257.0,806.0,627.0,1062.0,1066.0,36085.0,854.0,10,15,2020,00:00:00
233,16-10-2020,2020-10-16 00:00:00,95902,37157,7834,46246,1914,2124,310,317,2608,56066,2149,1015.0,144.0,51784.0,1929.0,2145.0,3123.0,2873.0,8341.0,7537.0,8259.0,7374.0,8603.0,7033.0,7712.0,6090.0,4864.0,4504.0,3301.0,2988.0,6042.0,3020.0,52253.0,43649.0,944,277,866,26,21,15,0,1.0,0.0,0.0,0.0,1.0,1.0,3.0,2.0,11.0,14.0,21.0,45.0,61.0,123.0,160.0,260.0,810.0,636.0,1068.0,1081.0,37687.0,871.0,10,16,2020,00:00:00
